Date,ALRS.ME,CHMF.ME,FIVE.ME,GAZP.ME,GMKN.ME,LKOH.ME,MGNT.ME,MTSS.ME,NVTK.ME,ROSN.ME,SBER.ME,SNGS.ME,TATN.ME,VTBR.ME,YNDX.ME
2018-02-12,84.80000305175781,913.5,2100.5,137.3000030517578,11147.0,3656.5,4881.0,301.0,718.0,325.29998779296875,255.0500030517578,28.229999542236328,536.0,0.047120001167058945,2127.0
2018-02-13,85.9000015258789,941.5999755859375,2141.5,139.85000610351562,11500.0,3729.5,4860.0,304.0,719.0999755859375,325.3999938964844,258.29998779296875,28.450000762939453,549.75,0.04766999930143356,2135.0
2018-02-14,85.87999725341797,930.0,2150.5,138.88999938964844,11761.0,3709.0,4820.0,300.79998779296875,730.0,326.0,262.0299987792969,28.239999771118164,554.0,0.04769999906420708,2200.0
2018-02-15,85.31999969482422,949.2000122070312,2144.5,137.05999755859375,11785.0,3730.0,4850.0,304.0,741.7999877929688,324.29998779296875,264.5799865722656,28.264999389648438,560.0,0.04735000059008598,2283.5
2018-02-16,85.81999969482422,949.2000122070312,2130.0,137.05999755859375,10810.0,3751.0,4473.0,306.1499938964844,737.5999755859375,324.20001220703125,266.989990234375,28.5049991607666,569.0,0.04769999906420708,2371.5
2018-02-19,85.91000366210938,945.2999877929688,2079.5,138.30999755859375,11171.0,3715.0,4251.0,306.5,729.0999755859375,324.0,266.8500061035156,28.479999542236328,569.0499877929688,0.047449998557567596,2416.5
2018-02-20,86.0,940.0,1979.5,141.32000732421875,11060.0,3744.0,4588.0,307.3999938964844,728.0,322.0,267.2200012207031,28.415000915527344,574.7999877929688,0.04774000123143196,2413.0
2018-02-21,87.0,942.4000244140625,1958.0,144.0,11300.0,3808.5,4793.0,313.0,739.9000244140625,333.5,279.20001220703125,29.1200008392334,586.2999877929688,0.048900000751018524,2473.5
2018-02-22,87.38999938964844,933.2999877929688,1991.5,144.9499969482422,11379.0,3824.5,5187.0,312.54998779296875,733.5999755859375,336.79998779296875,277.3900146484375,29.229999542236328,597.8499755859375,0.05277999863028526,2438.0
2018-02-26,88.08999633789062,942.0999755859375,2013.0,146.4499969482422,11882.0,3829.0,4786.0,315.0,732.2000122070312,342.0,280.4700012207031,29.334999084472656,598.2000122070312,0.054349999874830246,2382.0
2018-02-27,88.80000305175781,939.7000122070312,2017.0,146.5,11550.0,3838.5,4882.0,316.1000061035156,735.0,337.5,278.2099914550781,29.1299991607666,606.2000122070312,0.05380000174045563,2386.0
2018-02-28,86.30000305175781,918.4000244140625,2015.0,143.16000366210938,11159.0,3776.5,4782.0,307.6000061035156,710.0,330.5,272.3999938964844,28.71500015258789,594.0,0.05276000127196312,2343.5
2018-03-01,86.2300033569336,914.0,2035.5,139.97999572753906,11185.0,3764.0,4983.0,308.1000061035156,732.0999755859375,323.75,275.25,28.3700008392334,595.6500244140625,0.052400000393390656,2304.5
2018-03-02,86.19999694824219,897.2999877929688,2000.5,138.57000732421875,11248.0,3749.5,5058.0,309.29998779296875,732.0,319.5,273.0,28.219999313354492,595.0,0.05240999907255173,2280.5
2018-03-05,88.5,903.2000122070312,2002.0,141.60000610351562,11199.0,3730.0,5130.0,315.0,736.4000244140625,320.5,277.0,28.645000457763672,600.4000244140625,0.05245999991893768,2347.5
2018-03-06,88.72000122070312,897.0,1943.5,140.58999633789062,11161.0,3744.0,5000.0,314.0,736.9000244140625,318.70001220703125,274.0299987792969,28.625,604.0,0.05299999937415123,2389.5
2018-03-07,89.30000305175781,891.0,1946.5,138.55999755859375,11160.0,3721.0,4973.0,313.25,729.2999877929688,315.0,274.0,28.299999237060547,595.25,0.05469999834895134,2427.5
2018-03-09,90.08999633789062,882.2999877929688,1963.5,139.36000061035156,10991.0,3755.5,5096.0,315.70001220703125,737.7999877929688,313.25,274.7099914550781,28.594999313354492,600.4000244140625,0.05626999959349632,2490.5
2018-03-12,91.08999633789062,886.0,1958.0,141.35000610351562,11157.0,3770.0,5154.0,313.5,744.7999877929688,314.70001220703125,274.29998779296875,29.149999618530273,606.7999877929688,0.055709999054670334,2450.0
2018-03-13,91.19999694824219,884.5,1910.0,142.75,11101.0,3773.0,5050.0,318.1499938964844,731.5999755859375,312.0,273.95001220703125,29.364999771118164,606.5,0.055799998342990875,2415.0
2018-03-14,90.44999694824219,895.0,1885.5,138.8000030517578,10881.0,3742.0,4970.0,313.0,726.7000122070312,310.3500061035156,262.5,29.170000076293945,602.9500122070312,0.05353999882936478,2430.5
2018-03-15,90.94999694824219,893.2000122070312,1942.0,138.3300018310547,10855.0,3787.0,5114.0,312.3500061035156,730.5,313.70001220703125,254.3000030517578,29.135000228881836,604.0,0.05378999933600426,2444.0
2018-03-16,93.81999969482422,907.0999755859375,1965.0,141.0,10927.0,3874.5,4957.0,316.8500061035156,747.0999755859375,319.29998779296875,256.1499938964844,29.40999984741211,613.25,0.05347999930381775,2436.0
2018-03-19,93.55999755859375,884.7999877929688,1915.0,139.91000366210938,10911.0,3815.0,4990.0,318.0,757.0,316.0,255.0,29.05500030517578,611.0,0.05339999869465828,2426.0
2018-03-20,93.29000091552734,867.4000244140625,1884.0,142.61000061035156,10941.0,3863.0,4942.0,309.54998779296875,762.7999877929688,317.8500061035156,256.6000061035156,29.274999618530273,618.25,0.05372999981045723,2453.0
2018-03-21,94.55000305175781,880.0999755859375,1920.0,141.50999450683594,10932.0,3874.0,4910.0,307.6499938964844,760.4000244140625,317.5,268.8800048828125,29.1299991607666,618.7999877929688,0.05400000140070915,2497.5
2018-03-22,93.3499984741211,877.7999877929688,1875.0,139.5,11003.0,3857.0,4800.0,300.1000061035156,748.7000122070312,316.1499938964844,265.5,28.80500030517578,616.75,0.05400000140070915,2385.0
2018-03-23,93.75,882.0,1858.0,142.0,10998.0,3874.5,4747.0,295.5,750.0,314.5,262.0,28.885000228881836,618.3499755859375,0.053279999643564224,2385.5
2018-03-26,92.62999725341797,873.5,1811.0,138.77000427246094,10767.0,3814.0,4688.0,291.95001220703125,735.7000122070312,309.0,256.1300048828125,28.155000686645508,604.7000122070312,0.051259998232126236,2324.5
2018-03-27,91.69999694824219,865.4000244140625,1846.5,140.8000030517578,10728.0,3878.0,4755.0,292.29998779296875,752.7999877929688,309.6499938964844,258.0,28.299999237060547,605.5,0.05180000141263008,2364.0
2018-03-28,89.44000244140625,865.7999877929688,1838.5,140.47000122070312,10695.0,3927.0,4605.0,295.0,743.0,308.79998779296875,251.5,28.450000762939453,604.0,0.050999999046325684,2265.0
2018-03-29,91.20999908447266,869.4000244140625,1932.0,142.8000030517578,10795.0,3991.5,4636.0,293.29998779296875,741.9000244140625,316.3500061035156,252.89999389648438,28.665000915527344,615.0,0.05115000158548355,2314.0
2018-03-30,92.0,872.4000244140625,1932.0,142.3300018310547,10760.0,3961.0,4680.0,294.1499938964844,737.5999755859375,313.8999938964844,253.57000732421875,28.3700008392334,611.5999755859375,0.051660001277923584,2287.0
2018-04-02,90.0999984741211,870.0,1949.5,140.32000732421875,10800.0,3955.5,4720.0,297.75,735.2000122070312,309.04998779296875,249.99000549316406,28.5,598.2999877929688,0.05113999918103218,2253.0
2018-04-03,89.75,871.2000122070312,1947.0,140.6999969482422,10819.0,3943.0,4698.0,296.95001220703125,741.4000244140625,313.0,251.3000030517578,28.274999618530273,603.0999755859375,0.05226000025868416,2260.0
2018-04-04,89.4000015258789,870.2999877929688,1943.5,139.74000549316406,10728.0,3928.5,4648.0,292.0,751.2999877929688,319.04998779296875,254.27999877929688,28.395000457763672,598.7999877929688,0.052239999175071716,2228.0
2018-04-05,90.81999969482422,881.7000122070312,2050.0,140.5,10744.0,3990.0,4725.0,294.1000061035156,770.0,322.6499938964844,262.0,28.940000534057617,614.5499877929688,0.053950000554323196,2315.0
2018-04-06,89.55999755859375,889.0,2015.5,140.99000549316406,10691.0,3925.0,4711.0,292.8500061035156,765.7000122070312,318.6499938964844,256.5400085449219,28.80500030517578,607.75,0.05496999993920326,2310.5
2018-04-09,82.0,840.0999755859375,1876.0,135.00999450683594,9142.0,3640.0,4436.0,267.3999938964844,709.5999755859375,296.1499938964844,215.1300048828125,27.8799991607666,595.9000244140625,0.05071999877691269,2134.0
2018-04-10,82.1500015258789,900.0999755859375,1937.0,141.8000030517578,9810.0,3900.0,4518.0,281.8500061035156,747.5,309.0,214.8000030517578,29.094999313354492,641.0999755859375,0.05090999975800514,2169.0
2018-04-11,82.69999694824219,901.5,1875.0,145.27000427246094,9888.0,4070.0,4555.0,279.0,743.4000244140625,324.0,208.0,29.25,650.25,0.05046999827027321,2240.0
2018-04-12,84.91999816894531,897.9000244140625,1926.0,145.36000061035156,10370.0,3959.0,4718.0,282.70001220703125,742.0,323.54998779296875,212.6999969482422,29.524999618530273,648.7999877929688,0.05076000094413757,2157.0
2018-04-13,85.4000015258789,881.0,1901.0,142.5800018310547,10490.0,3902.0,4710.0,279.0,732.0999755859375,323.0,204.6999969482422,29.094999313354492,647.75,0.05087000131607056,2083.5
2018-04-16,86.0999984741211,895.0,1930.0,141.5,9900.0,3892.0,4690.0,278.0,716.0,319.0,192.05999755859375,29.170000076293945,650.0,0.05178999900817871,2020.5
2018-04-17,87.94999694824219,922.7000122070312,1969.0,142.39999389648438,10229.0,3940.0,4790.0,283.20001220703125,728.0,329.5,207.5,29.1200008392334,657.0,0.05217000097036362,2103.5
2018-04-18,89.0,946.5,2055.0,144.75,10672.0,4030.0,4895.0,289.29998779296875,746.0999755859375,333.1000061035156,215.8699951171875,29.540000915527344,660.5499877929688,0.05299999937415123,2142.0
2018-04-19,87.95999908447266,948.5,1974.0,143.39999389648438,10685.0,4015.0,4921.0,289.5,734.0999755859375,337.29998779296875,213.4499969482422,29.344999313354492,660.0,0.05249999836087227,2096.5
2018-04-20,87.7300033569336,948.0,1980.5,143.5500030517578,10538.0,3975.5,4825.0,286.45001220703125,740.2000122070312,336.95001220703125,213.83999633789062,29.235000610351562,653.2999877929688,0.05262000113725662,2082.0
2018-04-23,88.0,962.0,1940.0,143.99000549316406,10875.0,3974.0,4785.0,287.1499938964844,743.7000122070312,351.0,223.25,29.09000015258789,659.4500122070312,0.05299999937415123,2140.5
2018-04-24,87.75,965.2000122070312,1906.5,144.13999938964844,10860.0,3999.5,4729.0,289.3999938964844,743.7000122070312,352.25,223.0,29.25,661.0,0.05299999937415123,2105.5
2018-04-25,88.0,978.4000244140625,1800.0,142.6999969482422,10803.0,4029.0,4786.0,289.1499938964844,740.4000244140625,370.0,220.4499969482422,29.114999771118164,666.0,0.0528700016438961,2025.0
2018-04-26,88.05000305175781,996.4000244140625,1740.0,145.47999572753906,10988.0,4140.0,4830.0,295.79998779296875,760.0,375.0,220.6999969482422,29.850000381469727,680.0,0.052400000393390656,2061.0
2018-04-27,89.0,993.9000244140625,1800.0,144.5,10989.0,4212.0,4875.0,295.1000061035156,770.7999877929688,380.0,223.91000366210938,29.69499969482422,685.25,0.052570000290870667,2015.5
2018-04-30,89.61000061035156,1011.9000244140625,1795.5,145.92999267578125,10814.0,4156.5,4902.0,296.3999938964844,770.0,383.0,226.99000549316406,29.440000534057617,671.0499877929688,0.05397000163793564,2097.5
2018-05-02,87.5199966430664,1000.0,1815.0,144.94000244140625,11040.0,4141.0,4893.0,292.29998779296875,758.2000122070312,401.04998779296875,229.02000427246094,29.31999969482422,671.0,0.05339999869465828,2215.0
2018-05-03,88.58000183105469,980.7999877929688,1801.0,143.4600067138672,10905.0,4092.0,4824.0,290.20001220703125,748.0,389.3999938964844,229.39999389648438,29.31999969482422,652.25,0.05291000008583069,2130.5
2018-05-04,88.0999984741211,975.5,1835.0,143.72999572753906,10996.0,4108.0,4892.0,290.0,765.7000122070312,386.75,228.5500030517578,29.405000686645508,659.3499755859375,0.05274999886751175,2107.0
2018-05-07,89.95999908447266,978.2999877929688,1856.5,144.0500030517578,11150.0,4121.0,4870.0,291.45001220703125,754.0,388.25,229.86000061035156,29.30500030517578,654.1500244140625,0.05276999995112419,2152.5
2018-05-08,89.61000061035156,991.0,1845.0,145.47999572753906,11094.0,4180.0,4840.0,290.0,754.0,393.04998779296875,226.6999969482422,29.579999923706055,666.9500122070312,0.05270000174641609,2127.5
2018-05-10,87.80000305175781,973.7000122070312,1802.0,146.3800048828125,10730.0,4235.0,4860.0,289.8500061035156,765.0,395.70001220703125,233.6999969482422,29.389999389648438,671.7999877929688,0.05225000157952309,2190.0
2018-05-11,87.88999938964844,985.5999755859375,1791.5,149.89999389648438,10722.0,4351.0,4910.0,288.8500061035156,771.2000122070312,400.29998779296875,235.57000732421875,29.565000534057617,675.7000122070312,0.05204999819397926,2202.0
2018-05-14,87.47000122070312,998.2000122070312,1854.0,150.97999572753906,10778.0,4407.5,4985.0,290.0,774.2999877929688,403.54998779296875,237.8000030517578,30.0,685.25,0.05249999836087227,2186.0
2018-05-15,88.75,986.0,1911.0,149.1999969482422,10915.0,4392.0,5045.0,289.0,772.2000122070312,394.8500061035156,231.38999938964844,29.760000228881836,679.5499877929688,0.051500000059604645,2118.5
2018-05-16,91.18000030517578,990.0,1920.5,148.57000732421875,10792.0,4390.5,5166.0,289.1499938964844,768.7999877929688,391.3500061035156,229.55999755859375,29.69499969482422,675.0499877929688,0.05139999836683273,2118.0
2018-05-17,93.29000091552734,990.9000244140625,1907.0,148.08999633789062,10792.0,4375.5,5155.0,293.3500061035156,772.2000122070312,383.54998779296875,227.5500030517578,29.81999969482422,675.4500122070312,0.05146000161767006,2131.0
2018-05-18,92.43000030517578,996.0,1882.0,145.97000122070312,10751.0,4423.5,5089.0,292.3999938964844,768.2999877929688,385.5,223.1300048828125,29.71500015258789,680.9500122070312,0.05129000172019005,2114.0
2018-05-21,91.98999786376953,988.9000244140625,1865.5,147.58999633789062,10955.0,4408.5,5198.0,295.04998779296875,778.5999755859375,389.70001220703125,226.5,29.649999618530273,688.4000244140625,0.05152999982237816,2149.5
2018-05-22,91.0999984741211,986.5999755859375,1844.0,146.5,10998.0,4360.0,5260.0,297.29998779296875,770.0,385.54998779296875,225.60000610351562,29.7450008392334,676.0499877929688,0.05138999968767166,2122.5
2018-05-23,90.87000274658203,978.2999877929688,1871.5,146.05999755859375,10850.0,4263.0,5185.0,291.1000061035156,761.2999877929688,377.70001220703125,221.0,29.420000076293945,664.2999877929688,0.05115000158548355,2086.5
2018-05-24,92.23999786376953,995.2999877929688,1813.0,145.27000427246094,10880.0,4230.0,5265.0,286.5,757.2000122070312,378.0,222.00999450683594,29.165000915527344,664.0,0.05121000111103058,2094.0
2018-05-25,93.4000015258789,1018.0999755859375,1855.0,145.2899932861328,11074.0,4220.5,5256.0,286.3500061035156,809.9000244140625,378.1000061035156,220.75999450683594,29.079999923706055,669.4500122070312,0.05110999941825867,2089.5
2018-05-28,93.04000091552734,1006.0,1915.0,145.08999633789062,11170.0,4290.0,5185.0,287.1499938964844,802.5,379.54998779296875,220.89999389648438,28.875,663.3499755859375,0.05144999921321869,2102.5
2018-05-29,91.0199966430664,1004.4000244140625,1822.0,144.07000732421875,11140.0,4219.0,5081.0,283.3500061035156,828.0,382.6499938964844,219.2899932861328,28.295000076293945,674.75,0.051339998841285706,2070.0
2018-05-30,89.0999984741211,1003.4000244140625,1786.5,143.75,11120.0,4239.0,5161.0,283.8999938964844,822.0,382.8500061035156,220.5,28.604999542236328,675.7000122070312,0.05122999846935272,2065.5
2018-05-31,88.30000305175781,1002.7999877929688,1808.0,145.0,11111.0,4209.0,5111.0,282.3999938964844,838.2000122070312,385.29998779296875,222.36000061035156,28.6299991607666,666.5,0.049890000373125076,2076.5
2018-06-01,89.30000305175781,994.7999877929688,1748.0,144.0,11150.0,4205.5,5112.0,283.1000061035156,838.4000244140625,382.54998779296875,220.0,28.860000610351562,665.5499877929688,0.04740000143647194,2137.0
2018-06-04,90.5,1013.2999877929688,1771.0,146.44000244140625,11474.0,4299.0,5187.0,285.95001220703125,841.0,384.8999938964844,220.0,29.274999618530273,670.4500122070312,0.047029998153448105,2163.5
2018-06-05,89.98999786376953,1024.5999755859375,1762.5,145.75,11526.0,4258.0,5222.0,286.1000061035156,847.0999755859375,380.04998779296875,214.72999572753906,28.93000030517578,669.4000244140625,0.047200001776218414,2230.0
2018-06-06,89.55999755859375,1031.0,1758.5,146.89999389648438,11640.0,4264.5,4937.0,285.20001220703125,844.4000244140625,380.79998779296875,217.89999389648438,28.795000076293945,668.5,0.04724999889731407,2214.0
2018-06-07,91.5,1033.300048828125,1743.5,146.0500030517578,11644.0,4250.0,5030.0,286.04998779296875,848.0,380.04998779296875,216.41000366210938,29.295000076293945,668.0,0.046810001134872437,2175.0
2018-06-08,91.5,1016.2000122070312,1675.5,143.57000732421875,11375.0,4165.0,4805.0,283.5,824.0,381.5,211.1300048828125,28.40999984741211,655.5499877929688,0.045419998466968536,2142.0
2018-06-11,91.0,1041.800048828125,1675.5,142.27999877929688,11500.0,4159.5,4750.0,283.70001220703125,828.2000122070312,384.54998779296875,210.35000610351562,28.684999465942383,653.0,0.04513999819755554,2192.5
2018-06-13,90.19999694824219,1040.5,1650.5,141.0,11275.0,4140.0,4702.0,282.75,824.0,382.0,215.0,28.895000457763672,655.0,0.04475000128149986,2290.5
2018-06-14,89.19999694824219,1025.9000244140625,1645.5,139.39999389648438,11161.0,4090.0,4690.0,281.8500061035156,813.7999877929688,381.70001220703125,214.0,29.049999237060547,642.0499877929688,0.04464999958872795,2292.0
2018-06-15,89.0999984741211,1039.4000244140625,1627.5,137.72999572753906,11066.0,4055.0,4710.0,282.8500061035156,804.0,383.25,209.36000061035156,28.260000228881836,650.0,0.044509999454021454,2268.0
2018-06-18,89.69999694824219,964.5999755859375,1645.0,136.52000427246094,11051.0,4045.5,4631.0,277.5,799.5,387.0,206.3000030517578,28.375,641.0,0.04611000046133995,2287.0
2018-06-19,91.0,958.7999877929688,1682.0,135.5,11126.0,4091.0,4592.0,276.54998779296875,805.0,392.3500061035156,206.0,28.709999084472656,646.0499877929688,0.0451899990439415,2295.0
2018-06-20,94.0999984741211,960.0,1730.0,136.91000366210938,11243.0,4132.0,4646.0,277.1000061035156,847.0,390.20001220703125,212.1999969482422,29.295000076293945,655.0,0.047200001776218414,2301.5
2018-06-21,98.0,960.5,1770.0,134.39999389648438,11224.0,4135.0,4599.0,272.8999938964844,832.2999877929688,392.75,210.39999389648438,28.850000381469727,661.4500122070312,0.046959999948740005,2270.5
2018-06-22,98.41000366210938,966.7000122070312,1745.0,137.2100067138672,11274.0,4163.0,4597.0,263.79998779296875,835.5,391.45001220703125,214.47999572753906,28.399999618530273,660.6500244140625,0.046890001744031906,2217.0
2018-06-25,100.0999984741211,944.0,1766.5,137.10000610351562,11285.0,4140.0,4550.0,264.95001220703125,829.0999755859375,393.95001220703125,202.50999450683594,28.299999237060547,672.6500244140625,0.04670000076293945,2177.0
2018-06-26,98.7300033569336,942.4000244140625,1743.0,138.07000732421875,11222.0,4154.0,4615.0,262.0,833.2999877929688,389.29998779296875,199.91000366210938,28.389999389648438,660.4500122070312,0.04690000042319298,2185.0
2018-06-27,98.19999694824219,925.2999877929688,1690.0,139.0,11100.0,4222.0,4609.0,266.70001220703125,840.9000244140625,394.6000061035156,207.9499969482422,28.389999389648438,674.1500244140625,0.04735000059008598,2227.5
2018-06-28,98.7300033569336,910.4000244140625,1675.0,138.4600067138672,11119.0,4227.0,4612.0,268.95001220703125,848.2000122070312,395.20001220703125,208.75,28.229999542236328,656.25,0.04778999835252762,2193.5
2018-06-29,100.0,930.0999755859375,1727.0,141.00999450683594,11399.0,4350.0,4600.0,278.1000061035156,852.7999877929688,396.1499938964844,218.0,28.479999542236328,675.9500122070312,0.048009999096393585,2244.0
2018-07-02,102.2300033569336,931.2999877929688,1673.0,143.8000030517578,11582.0,4361.0,4628.0,283.3500061035156,879.0,396.0,220.86000061035156,28.520000457763672,672.7000122070312,0.048239998519420624,2253.5
2018-07-03,102.58999633789062,930.5999755859375,1624.0,142.24000549316406,11540.0,4331.0,4631.0,281.8500061035156,875.0999755859375,389.1499938964844,217.75,28.184999465942383,676.0,0.048500001430511475,2254.0
2018-07-04,105.19000244140625,930.9000244140625,1645.5,142.24000549316406,11458.0,4334.5,4630.0,284.0,874.7000122070312,393.25,217.6999969482422,28.084999084472656,684.1500244140625,0.0485600009560585,2236.0
2018-07-05,107.69999694824219,942.2999877929688,1700.0,145.5500030517578,11566.0,4462.0,4528.0,288.0,903.7000122070312,406.04998779296875,224.5399932861328,28.420000076293945,686.0,0.048659998923540115,2226.0
2018-07-06,105.30000305175781,941.9000244140625,1685.0,144.9600067138672,11698.0,4415.5,4550.0,276.95001220703125,907.2000122070312,403.3999938964844,226.7100067138672,28.469999313354492,678.75,0.048500001430511475,2315.0
2018-07-09,105.83000183105469,967.9000244140625,1754.0,148.07000732421875,11797.0,4454.0,4524.0,278.1499938964844,909.0,408.95001220703125,230.75,28.9950008392334,689.0,0.049309998750686646,2320.5
2018-07-10,106.19999694824219,966.2999877929688,1771.5,146.60000610351562,11683.0,4358.5,4478.0,275.1000061035156,904.2999877929688,413.6499938964844,230.52000427246094,29.100000381469727,694.8499755859375,0.04895000159740448,2311.5
2018-07-11,106.0,955.0,1715.5,144.77000427246094,11260.0,4280.0,4446.0,272.8999938964844,909.7999877929688,409.8500061035156,227.57000732421875,28.94499969482422,694.0,0.04859999939799309,2303.0
2018-07-12,100.25,960.0,1721.0,145.0800018310547,11359.0,4236.0,4463.0,270.0,891.7999877929688,406.45001220703125,226.60000610351562,28.44499969482422,697.0499877929688,0.04831000044941902,2345.0
2018-07-13,101.19999694824219,955.9000244140625,1753.0,146.4499969482422,11358.0,4310.0,4485.0,270.70001220703125,899.5,404.3500061035156,229.5,28.829999923706055,699.7000122070312,0.049539998173713684,2380.5
2018-07-16,100.58000183105469,952.0999755859375,1739.5,146.67999267578125,10693.0,4284.5,4472.0,269.5,894.2999877929688,406.0,227.32000732421875,29.0,695.8499755859375,0.04946000128984451,2323.0
2018-07-17,100.0999984741211,961.2999877929688,1767.0,145.30999755859375,10610.0,4262.5,4430.0,270.3999938964844,886.0,399.5,222.5,28.594999313354492,690.0499877929688,0.04871999844908714,2420.0
2018-07-18,100.4000015258789,980.7000122070312,1840.0,138.2899932861328,10574.0,4299.0,4440.0,269.0,893.0,400.8999938964844,216.27999877929688,28.524999618530273,701.4500122070312,0.04853000119328499,2398.5
2018-07-19,96.12000274658203,984.2000122070312,1755.0,137.3800048828125,10343.0,4319.0,4335.0,268.25,886.5,399.29998779296875,208.33999633789062,28.559999465942383,701.25,0.04788000136613846,2381.0
2018-07-20,96.30000305175781,972.5,1691.5,136.47000122070312,10255.0,4300.0,4300.0,266.29998779296875,881.5999755859375,393.25,204.33999633789062,28.46500015258789,700.0,0.048250000923871994,2329.5
2018-07-23,95.9000015258789,983.0,1738.0,138.3699951171875,10314.0,4340.0,4285.0,262.0,871.0,394.5,208.4199981689453,28.364999771118164,693.2000122070312,0.048239998519420624,2333.0
2018-07-24,95.5,989.9000244140625,1734.0,138.85000610351562,10760.0,4322.0,4180.0,263.54998779296875,875.0,394.8999938964844,215.4499969482422,28.229999542236328,691.7000122070312,0.04822000116109848,2377.0
2018-07-25,95.19999694824219,991.2000122070312,1720.0,138.2100067138672,10845.0,4385.0,4050.0,262.79998779296875,895.7000122070312,395.79998779296875,213.6999969482422,28.350000381469727,705.0,0.04794999957084656,2391.5
2018-07-26,96.68000030517578,997.5,1758.5,138.17999267578125,10827.0,4420.0,4280.0,263.29998779296875,914.5,397.3500061035156,210.0,28.5,710.7000122070312,0.04758000001311302,2430.0
2018-07-27,96.4000015258789,1014.7000122070312,1727.5,137.99000549316406,10848.0,4425.0,4270.0,263.95001220703125,920.0,403.5,208.89999389648438,28.649999618530273,707.7999877929688,0.04782000184059143,2388.0
2018-07-30,96.75,1009.0,1728.0,138.89999389648438,10866.0,4410.0,4214.0,261.8500061035156,907.7999877929688,406.45001220703125,211.3300018310547,28.96500015258789,718.0,0.047970000654459,2242.5
2018-07-31,97.27999877929688,1020.2999877929688,1680.0,143.7899932861328,10882.0,4451.5,4128.0,263.79998779296875,924.4000244140625,419.0,214.86000061035156,28.989999771118164,721.4000244140625,0.04828000068664551,2250.0
2018-08-01,95.9800033569336,1013.4000244140625,1731.0,142.13999938964844,10782.0,4494.0,4187.0,262.29998779296875,930.2000122070312,416.6000061035156,210.60000610351562,29.174999237060547,728.9000244140625,0.04828000068664551,2272.0
2018-08-02,95.5,996.0999755859375,1700.0,140.36000061035156,10700.0,4501.5,4179.0,261.29998779296875,929.4000244140625,416.79998779296875,206.60000610351562,28.81999969482422,723.0999755859375,0.04758000001311302,2237.0
2018-08-03,95.1500015258789,1024.5,1682.5,142.38999938964844,10814.0,4499.5,4205.0,260.79998779296875,924.9000244140625,411.25,202.2100067138672,29.204999923706055,730.0,0.04735000059008598,2252.5
2018-08-06,96.0,1024.0,1707.0,141.33999633789062,10770.0,4479.0,4230.0,261.95001220703125,926.0,419.3500061035156,203.89999389648438,29.030000686645508,731.9000244140625,0.046810001134872437,2230.5
2018-08-07,99.69999694824219,1021.4000244140625,1710.0,142.74000549316406,10830.0,4520.0,4240.0,262.20001220703125,939.9000244140625,427.8999938964844,201.7899932861328,28.979999542236328,732.7999877929688,0.046799998730421066,2272.5
2018-08-08,98.69999694824219,1024.9000244140625,1719.0,144.10000610351562,10830.0,4499.0,4228.0,257.5,923.5999755859375,429.0,193.1999969482422,28.905000686645508,740.0,0.04569000005722046,2185.0
2018-08-09,97.43000030517578,1018.7999877929688,1672.0,145.1999969482422,10999.0,4598.0,4189.0,253.60000610351562,933.0,432.29998779296875,195.89999389648438,29.0,747.5,0.04510999843478203,2132.0
2018-08-10,92.75,986.0999755859375,1617.0,144.8000030517578,10800.0,4577.0,4033.0,253.6999969482422,939.5,433.25,186.14999389648438,28.920000076293945,752.0,0.04337000101804733,2128.0
2018-08-13,96.19000244140625,1019.9000244140625,1624.0,142.89999389648438,11005.0,4541.0,4039.0,253.10000610351562,959.0999755859375,437.20001220703125,190.0,28.53499984741211,758.5,0.04295000061392784,2152.5
2018-08-14,97.0,1024.5,1583.0,141.24000549316406,10990.0,4460.0,3995.0,251.0,987.5999755859375,431.29998779296875,192.75999450683594,28.770000457763672,752.5999755859375,0.04363999888300896,2150.0
2018-08-15,95.80000305175781,1022.7999877929688,1577.0,141.5,11000.0,4428.5,4016.0,249.85000610351562,974.0,428.54998779296875,187.97999572753906,28.350000381469727,753.5,0.04340000078082085,2091.0
2018-08-16,94.0999984741211,1018.0,1540.5,140.8800048828125,10901.0,4396.0,4035.0,248.8000030517578,978.7999877929688,422.29998779296875,191.60000610351562,28.0,742.0,0.043880000710487366,2123.5
2018-08-17,93.88999938964844,1020.2000122070312,1571.0,141.00999450683594,10821.0,4375.0,4033.0,248.64999389648438,977.0,425.79998779296875,189.5500030517578,27.704999923706055,740.0,0.043710000813007355,2099.0
2018-08-20,95.25,1045.0,1590.5,141.50999450683594,10950.0,4386.0,4108.0,249.14999389648438,981.0,427.0,191.1999969482422,27.885000228881836,751.0,0.04414999857544899,2133.5
2018-08-21,94.9000015258789,1049.4000244140625,1607.0,143.3000030517578,10930.0,4465.0,4235.0,253.5,982.0,434.0,191.8000030517578,27.885000228881836,757.7999877929688,0.04414999857544899,2164.0
2018-08-22,93.8499984741211,1058.800048828125,1608.0,144.16000366210938,11074.0,4512.5,4170.0,253.60000610351562,998.0,437.29998779296875,187.8000030517578,28.295000076293945,764.7999877929688,0.0430000014603138,2137.0
2018-08-23,93.4000015258789,1049.5,1556.0,141.5,10950.0,4450.0,4157.0,251.9499969482422,995.0,430.0,178.7100067138672,28.1200008392334,760.5,0.04139000177383423,2120.0
2018-08-24,96.5,1075.0,1575.0,143.60000610351562,11015.0,4500.5,4141.0,251.5500030517578,1013.0999755859375,428.1000061035156,180.38999938964844,28.309999465942383,774.9000244140625,0.041019998490810394,2115.0
2018-08-27,97.80000305175781,1093.0999755859375,1580.0,144.52000427246094,11072.0,4577.0,4175.0,255.0,1070.0,434.75,183.27000427246094,28.165000915527344,783.0999755859375,0.042149998247623444,2151.0
2018-08-28,98.62999725341797,1084.0,1532.0,145.60000610351562,11250.0,4587.5,4205.0,258.8999938964844,1067.0,436.0,182.0,28.19499969482422,784.7999877929688,0.04152999818325043,2153.5
2018-08-29,100.48999786376953,1097.0,1540.5,147.8800048828125,11338.0,4638.5,4192.0,260.3500061035156,1111.800048828125,440.5,183.5,28.725000381469727,794.9000244140625,0.0419900007545948,2168.5
2018-08-30,100.58999633789062,1086.5,1529.5,145.97999572753906,11262.0,4702.0,4098.0,259.1499938964844,1099.5,437.0,178.0,28.399999618530273,795.9000244140625,0.04121999815106392,2142.0
2018-08-31,101.38999938964844,1086.0999755859375,1590.0,149.9499969482422,11220.0,4700.5,4057.0,261.95001220703125,1083.0,435.70001220703125,182.0,28.739999771118164,783.0999755859375,0.0414000004529953,2150.0
2018-09-03,100.33000183105469,1093.800048828125,1572.0,148.72999572753906,11287.0,4728.0,4037.0,263.45001220703125,1080.0,438.75,181.2100067138672,28.75,788.2999877929688,0.04129000008106232,2179.5
2018-09-04,99.5199966430664,1086.5999755859375,1576.0,147.39999389648438,11250.0,4717.0,4045.0,257.29998779296875,1100.9000244140625,439.3500061035156,179.5,28.6200008392334,787.0,0.04092000052332878,2168.0
2018-09-05,99.93000030517578,1067.5999755859375,1545.0,147.05999755859375,11136.0,4637.0,4110.0,257.95001220703125,1120.0999755859375,434.5,178.4600067138672,28.0,779.7999877929688,0.04002000018954277,2125.0
2018-09-06,101.0,1059.0,1558.5,147.05999755859375,11206.0,4610.5,4058.0,256.1000061035156,1167.0,436.04998779296875,175.0,27.80500030517578,785.5999755859375,0.039500001817941666,2105.5
2018-09-07,102.11000061035156,1057.0,1563.0,148.8000030517578,11200.0,4623.0,4049.0,256.0,1150.9000244140625,439.54998779296875,174.89999389648438,27.700000762939453,785.5,0.039329998195171356,2098.5
2018-09-10,104.33999633789062,1065.0,1569.5,150.75,11365.0,4688.5,4040.0,255.85000610351562,1129.5,449.45001220703125,171.2100067138672,27.75,813.0,0.038600001484155655,2111.5
2018-09-11,103.4800033569336,1077.5,1512.0,152.36000061035156,11456.0,4706.5,4018.0,252.5,1125.199951171875,448.79998779296875,169.36000061035156,27.924999237060547,813.0999755859375,0.039000000804662704,2094.5
2018-09-12,103.5999984741211,1083.0,1474.5,155.0500030517578,11565.0,4622.5,4095.0,256.6000061035156,1112.300048828125,444.8999938964844,173.89999389648438,27.81999969482422,798.7999877929688,0.03959999978542328,2066.5
2018-09-13,104.72000122070312,1095.5999755859375,1540.0,153.5,11637.0,4659.0,4070.0,264.5,1092.0999755859375,442.3999938964844,183.5,27.670000076293945,796.0999755859375,0.04047999903559685,2132.0
2018-09-14,105.0,1087.0,1595.0,152.14999389648438,11525.0,4604.0,4163.0,266.0,1087.699951171875,441.3500061035156,188.7100067138672,27.5049991607666,794.0,0.040049999952316284,2187.0
2018-09-17,106.25,1079.199951171875,1645.0,155.4600067138672,11540.0,4631.0,4185.0,276.6499938964844,1074.0999755859375,441.29998779296875,188.11000061035156,27.645000457763672,784.9000244140625,0.04004000127315521,2148.0
2018-09-18,105.98999786376953,1078.199951171875,1638.0,157.0800018310547,11587.0,4685.0,4196.0,279.1499938964844,1139.800048828125,440.3999938964844,191.64999389648438,27.614999771118164,786.7999877929688,0.041179999709129333,2144.5
2018-09-19,104.3499984741211,1082.4000244140625,1625.0,157.38999938964844,11651.0,4719.0,4258.0,275.54998779296875,1115.300048828125,437.8500061035156,193.89999389648438,27.55500030517578,783.9000244140625,0.041280001401901245,2145.0
2018-09-20,105.01000213623047,1098.5,1671.0,154.35000610351562,11705.0,4701.0,4200.0,271.6499938964844,1135.9000244140625,438.70001220703125,191.16000366210938,27.6200008392334,783.0999755859375,0.041110001504421234,2174.5
2018-09-21,106.91000366210938,1115.0,1685.0,158.63999938964844,12073.0,4737.5,4190.0,276.6499938964844,1113.5,440.3999938964844,193.44000244140625,27.094999313354492,795.5,0.0421999990940094,2204.0
2018-09-24,107.0,1072.0,1616.5,159.0,11916.0,4780.0,4141.0,274.75,1111.0,447.04998779296875,198.75,27.295000076293945,784.0999755859375,0.04191000014543533,2193.5
2018-09-25,105.80000305175781,1073.199951171875,1630.5,160.83999633789062,11957.0,4900.0,4185.0,274.04998779296875,1104.5,460.0,195.5500030517578,27.30500030517578,818.0999755859375,0.041600000113248825,2213.0
2018-09-26,105.12999725341797,1064.0,1573.0,159.27000427246094,11886.0,4828.5,3992.0,269.8999938964844,1107.0,458.5,195.7899932861328,27.510000228881836,813.2999877929688,0.041179999709129333,2216.0
2018-09-27,106.52999877929688,1091.5,1515.5,161.8000030517578,11830.0,4952.0,3840.0,273.1000061035156,1147.5,478.0,204.10000610351562,28.145000457763672,837.0,0.04129999876022339,2185.0
2018-09-28,106.79000091552734,1091.300048828125,1481.5,162.61000061035156,11388.0,5022.0,3835.0,272.5,1168.199951171875,493.0,203.32000732421875,27.424999237060547,835.4000244140625,0.04075999930500984,2160.5
2018-10-01,106.19999694824219,1083.4000244140625,1437.0,161.88999938964844,11307.0,5016.0,3825.0,274.70001220703125,1174.800048828125,494.04998779296875,204.1999969482422,27.799999237060547,833.2000122070312,0.04030999913811684,2134.0
2018-10-02,106.4000015258789,1078.699951171875,1412.0,162.58999633789062,11229.0,4898.5,3840.0,272.54998779296875,1162.699951171875,491.3999938964844,199.5,27.549999237060547,813.7999877929688,0.040369998663663864,2136.5
2018-10-03,106.0,1099.5999755859375,1411.0,169.47000122070312,11365.0,5035.0,3852.0,276.29998779296875,1200.0,512.0,198.3000030517578,27.825000762939453,826.2999877929688,0.040709998458623886,2172.5
2018-10-04,104.0,1109.0999755859375,1424.0,168.5,11416.0,4990.0,3840.0,276.5,1197.0,508.20001220703125,189.35000610351562,27.395000457763672,819.5999755859375,0.039900001138448715,2157.5
2018-10-05,103.19999694824219,1094.199951171875,1390.0,170.5,11292.0,4987.0,3830.0,275.1000061035156,1183.300048828125,503.0,187.1999969482422,27.274999618530273,810.0999755859375,0.03957999870181084,2143.0
2018-10-08,104.0,1089.9000244140625,1378.0,171.80999755859375,11321.0,4966.0,3771.0,269.8999938964844,1180.0,479.45001220703125,191.85000610351562,27.469999313354492,821.4000244140625,0.0392099991440773,2170.5
2018-10-09,104.68000030517578,1103.199951171875,1353.0,172.11000061035156,11403.0,4971.5,3582.0,264.0,1145.0,473.1000061035156,191.25,27.21500015258789,823.9000244140625,0.03840000182390213,2220.0
2018-10-10,104.0999984741211,1092.800048828125,1319.0,166.1999969482422,11376.0,4901.5,3490.0,263.5,1170.0,468.75,189.88999938964844,26.969999313354492,823.7999877929688,0.03813000023365021,2146.0
2018-10-11,101.0,1065.0,1287.0,161.9199981689453,11253.0,4804.0,3440.0,262.3999938964844,1126.0,462.54998779296875,185.27000427246094,26.875,778.2999877929688,0.037700001150369644,2118.0
2018-10-12,97.0,1057.0,1382.0,167.0,11170.0,4806.0,3490.0,266.5,1163.0,465.1000061035156,191.85000610351562,27.1200008392334,790.0,0.037950001657009125,2140.0
2018-10-15,97.51000213623047,1030.0,1362.0,164.0,11088.0,4747.0,3560.0,269.6499938964844,1168.0,462.04998779296875,190.9199981689453,27.104999542236328,789.7000122070312,0.03849000111222267,2178.0
2018-10-16,100.0,1044.0,1373.5,165.99000549316406,11264.0,4795.0,3540.0,272.3999938964844,1154.5999755859375,468.70001220703125,196.0500030517578,27.18000030517578,786.4000244140625,0.03840000182390213,2307.0
2018-10-17,101.43000030517578,1073.0,1442.0,164.55999755859375,11430.0,4773.0,3581.0,271.04998779296875,1117.4000244140625,467.8500061035156,194.0500030517578,27.174999237060547,790.5,0.03846000134944916,2310.0
2018-10-18,99.30000305175781,1054.800048828125,1420.5,160.17999267578125,11360.0,4694.5,3588.0,269.0,1103.5,466.6000061035156,191.0,27.280000686645508,779.0,0.03793000057339668,2235.0
2018-10-19,99.27999877929688,1049.300048828125,1434.5,161.32000732421875,11378.0,4693.0,3580.0,270.3999938964844,1083.5999755859375,467.0,183.8000030517578,27.399999618530273,776.0,0.036890000104904175,1790.0
2018-10-22,96.5999984741211,1054.5,1442.0,155.6999969482422,11291.0,4673.5,3487.0,264.6000061035156,1051.0999755859375,465.29998779296875,180.6999969482422,27.030000686645508,776.9000244140625,0.03613999858498573,1755.0
2018-10-23,96.13999938964844,1034.0,1431.0,154.7100067138672,11144.0,4825.0,3458.0,259.95001220703125,1084.800048828125,457.29998779296875,182.00999450683594,26.674999237060547,777.5,0.035999998450279236,1754.5
2018-10-24,95.72000122070312,1009.0999755859375,1532.0,154.6999969482422,11025.0,4995.0,3461.0,262.1499938964844,1039.0,463.5,188.00999450683594,26.59000015258789,776.5999755859375,0.03685000166296959,1781.0
2018-10-25,98.11000061035156,1015.5,1555.0,155.64999389648438,10902.0,4943.0,3515.0,261.5,1051.0,458.3999938964844,186.7100067138672,26.510000228881836,776.5,0.03635000064969063,1777.0
2018-10-26,94.20999908447266,989.9000244140625,1511.0,152.6199951171875,10613.0,4847.5,3431.0,256.1499938964844,1039.0,455.45001220703125,179.47999572753906,26.209999084472656,754.7999877929688,0.03579999879002571,1746.5
2018-10-29,96.5,1001.4000244140625,1534.0,152.52000427246094,10679.0,4872.5,3541.0,258.8999938964844,1067.5,458.5,185.58999633789062,26.475000381469727,762.9000244140625,0.036400001496076584,1859.5
2018-10-30,97.01000213623047,996.7999877929688,1562.5,151.3000030517578,10702.0,4778.5,3606.0,257.0,1031.5,453.70001220703125,184.77999877929688,26.110000610351562,754.9000244140625,0.03660000115633011,1843.0
2018-10-31,99.9000015258789,1030.0,1539.0,155.47000122070312,11000.0,4945.0,3590.0,257.6000061035156,1049.800048828125,460.45001220703125,189.8000030517578,26.56999969482422,784.4000244140625,0.03658000007271767,1916.5
2018-11-01,100.69999694824219,1026.0,1598.5,153.5,11250.0,4937.0,3640.0,258.25,1082.0999755859375,460.0,188.6699981689453,26.5,779.0,0.03620000183582306,1999.0
2018-11-02,101.5999984741211,1040.5,1614.5,153.7100067138672,11470.0,4980.0,3660.0,262.20001220703125,1080.4000244140625,459.6000061035156,192.60000610351562,26.684999465942383,792.7000122070312,0.03612999990582466,1995.0
2018-11-06,103.04000091552734,1032.5999755859375,1629.5,156.0,11565.0,5055.0,3695.0,264.0,1081.5999755859375,482.45001220703125,197.8000030517578,27.030000686645508,802.2000122070312,0.0361500009894371,2002.0
2018-11-07,103.0,1042.5999755859375,1640.0,157.85000610351562,11695.0,5174.5,3720.0,270.95001220703125,1103.800048828125,484.1000061035156,201.89999389648438,27.30500030517578,814.0999755859375,0.038189999759197235,1995.0
2018-11-08,103.23999786376953,1025.5999755859375,1610.0,157.50999450683594,11698.0,5160.0,3735.0,273.6000061035156,1087.199951171875,475.0,202.88999938964844,27.225000381469727,819.2000122070312,0.038029998540878296,1982.0
2018-11-09,103.98999786376953,1039.300048828125,1610.5,153.19000244140625,11689.0,5094.5,3700.0,269.29998779296875,1062.300048828125,468.6000061035156,195.75,27.364999771118164,813.4000244140625,0.03756999969482422,1921.5
2018-11-12,103.16000366210938,1033.5,1577.5,150.88999938964844,11608.0,5129.0,3656.0,265.95001220703125,1058.199951171875,463.5,196.82000732421875,26.940000534057617,812.2999877929688,0.03818000108003616,1886.0
2018-11-13,102.30000305175781,1037.0,1554.0,148.8300018310547,11608.0,4959.5,3629.5,268.29998779296875,1087.5,443.6000061035156,196.55999755859375,26.93000030517578,793.0,0.038440000265836716,1903.5
2018-11-14,103.1500015258789,1024.9000244140625,1535.5,151.85000610351562,11683.0,4856.5,3549.0,269.29998779296875,1128.0,427.1499938964844,199.1999969482422,27.049999237060547,762.5,0.03815000131726265,1940.0
2018-11-15,101.51000213623047,1023.5,1583.5,154.13999938964844,11701.0,4854.0,3543.5,271.5,1118.0,424.25,200.14999389648438,27.190000534057617,752.2999877929688,0.0392800010740757,1920.0
2018-11-16,99.9000015258789,1024.0999755859375,1565.0,153.16000366210938,11714.0,4824.0,3478.0,267.0,1124.5999755859375,420.8500061035156,199.25999450683594,27.299999237060547,760.7999877929688,0.039159998297691345,1916.0
2018-11-19,100.51000213623047,1010.0,1558.5,154.10000610351562,11746.0,4845.5,3500.0,266.29998779296875,1131.4000244140625,424.1000061035156,197.99000549316406,27.139999389648438,763.5999755859375,0.03880000114440918,1924.5
2018-11-20,100.13999938964844,1005.0,1513.5,151.50999450683594,11742.0,4809.5,3454.5,253.0,1119.5999755859375,413.54998779296875,194.2100067138672,26.94499969482422,750.7999877929688,0.03742999956011772,1902.0
2018-11-21,99.80999755859375,1015.7999877929688,1558.5,152.39999389648438,11820.0,4800.0,3496.0,252.39999389648438,1135.0,411.8500061035156,197.5,27.155000686645508,758.2999877929688,0.037220001220703125,1909.0
2018-11-22,101.30000305175781,1006.5999755859375,1583.0,153.91000366210938,11876.0,4813.5,3493.0,253.9499969482422,1124.0,411.1000061035156,199.39999389648438,27.28499984741211,755.0,0.037300001829862595,1921.0
2018-11-23,101.80000305175781,1002.0,1606.5,151.7899932861328,11954.0,4670.0,3461.0,248.89999389648438,1115.5999755859375,405.20001220703125,197.3000030517578,27.200000762939453,726.7000122070312,0.037060000002384186,1898.5
2018-11-26,99.48999786376953,998.0,1597.0,149.52999877929688,11959.0,4623.0,3490.0,247.5,1096.0,407.0,188.5,26.760000228881836,705.7000122070312,0.03669999912381172,1920.0
2018-11-27,100.04000091552734,986.4000244140625,1656.0,153.8000030517578,12379.0,4689.0,3500.0,249.0,1104.9000244140625,419.79998779296875,191.02999877929688,26.71500015258789,705.0,0.03683000057935715,1945.0
2018-11-28,101.0,997.0999755859375,1721.5,165.5800018310547,12770.0,4717.5,3500.0,248.6999969482422,1143.5,421.45001220703125,190.1999969482422,26.899999618530273,725.5999755859375,0.03757999837398529,1945.5
2018-11-29,102.98999786376953,1003.0,1710.0,164.99000549316406,12691.0,4766.0,3500.0,252.6999969482422,1167.800048828125,417.0,195.75999450683594,27.209999084472656,714.0,0.038029998540878296,1967.5
2018-11-30,99.62999725341797,1002.7000122070312,1725.0,161.2899932861328,12738.0,4896.0,3500.0,247.5500030517578,1127.199951171875,423.1000061035156,194.0,27.350000381469727,712.7000122070312,0.037300001829862595,1965.0
2018-12-03,100.04000091552734,978.0,1742.5,165.39999389648438,12817.0,5098.5,3500.0,248.6999969482422,1149.699951171875,434.0,200.3000030517578,27.829999923706055,743.7999877929688,0.03759999945759773,1989.0
2018-12-04,98.36000061035156,964.2999877929688,1667.5,164.1999969482422,12666.0,5209.0,3630.0,248.1999969482422,1130.0,439.0,199.0,28.114999771118164,771.2999877929688,0.036990001797676086,1957.5
2018-12-05,99.55000305175781,960.5999755859375,1619.0,164.57000732421875,12820.0,5260.0,3669.0,248.1999969482422,1136.300048828125,439.0,196.0,28.299999237060547,778.7000122070312,0.03700000047683716,1955.0
2018-12-06,98.81999969482422,952.5,1610.5,160.6199951171875,12699.0,5162.5,3699.0,242.3000030517578,1128.0,430.0,192.19000244140625,28.350000381469727,765.0,0.03671000152826309,1914.0
2018-12-07,99.0,955.0999755859375,1635.0,163.0,12745.0,5266.5,3719.0,237.0,1117.0999755859375,439.0,195.00999450683594,28.315000534057617,776.0,0.036559998989105225,1912.5
2018-12-10,96.0999984741211,947.7000122070312,1584.0,161.0,12630.0,5173.5,3685.0,229.5,1104.0,428.5,191.8000030517578,28.0049991607666,759.9000244140625,0.03610000014305115,1903.0
2018-12-11,96.3499984741211,940.0,1577.5,158.60000610351562,12738.0,5267.0,3595.0,224.0,1100.5999755859375,425.54998779296875,192.57000732421875,27.90999984741211,760.0,0.036010000854730606,1869.5
2018-12-12,95.1500015258789,937.9000244140625,1576.0,155.7899932861328,12890.0,5102.0,3600.5,232.25,1097.0,422.0,190.4499969482422,27.94499969482422,738.7000122070312,0.036249998956918716,1871.5
2018-12-13,98.13999938964844,940.4000244140625,1618.5,156.49000549316406,13220.0,5131.5,3653.5,232.60000610351562,1107.0,415.75,189.1699981689453,28.100000381469727,736.0,0.036079999059438705,1888.0
2018-12-14,98.98999786376953,936.2000122070312,1640.0,155.39999389648438,13160.0,5100.0,3644.0,235.0,1123.800048828125,418.0,184.92999267578125,28.0,726.4000244140625,0.035999998450279236,1860.5
2018-12-17,97.4800033569336,957.9000244140625,1656.5,153.52999877929688,13349.0,5100.0,3671.5,235.0,1117.0999755859375,416.0,182.3000030517578,28.100000381469727,727.0,0.03633999824523926,1869.0
2018-12-18,97.77999877929688,957.2999877929688,1719.5,151.88999938964844,13212.0,4925.0,3725.0,237.6999969482422,1119.300048828125,412.1499938964844,186.60000610351562,27.93000030517578,719.5999755859375,0.03620000183582306,1856.0
2018-12-19,97.4000015258789,969.4000244140625,1774.0,152.97999572753906,13125.0,4910.0,3675.0,240.10000610351562,1120.0999755859375,418.20001220703125,188.85000610351562,27.885000228881836,714.2999877929688,0.03629999980330467,1894.0
2018-12-20,99.4000015258789,962.5,1800.0,152.27000427246094,13217.0,4808.5,3565.0,243.5,1127.699951171875,415.6000061035156,189.3000030517578,27.399999618530273,714.7000122070312,0.03587000072002411,1864.0
2018-12-21,98.66000366210938,945.0,1805.0,151.1199951171875,13014.0,4930.0,3537.0,244.75,1121.0999755859375,415.0,186.7899932861328,26.844999313354492,710.0,0.03525000065565109,1860.5
2018-12-24,97.19999694824219,934.7999877929688,1700.0,149.72999572753906,12783.0,4909.0,3503.5,235.4499969482422,1110.5,414.0,184.3000030517578,26.5,703.0,0.03471999987959862,1840.5
2018-12-25,96.08999633789062,926.7999877929688,1646.5,147.00999450683594,12555.0,4810.0,3439.5,232.5,1087.5999755859375,409.0,183.3000030517578,26.5,696.7999877929688,0.03418000042438507,1828.0
2018-12-26,97.02999877929688,915.0,1680.0,148.41000366210938,12867.0,4829.5,3491.5,234.0,1096.5,414.5,183.39999389648438,26.655000686645508,712.0,0.034460000693798065,1832.0
2018-12-27,98.0,929.5,1691.5,150.67999267578125,12889.0,4884.0,3440.0,233.35000610351562,1106.4000244140625,420.5,185.0,26.399999618530273,717.0,0.034049998968839645,1880.0
2018-12-28,97.79000091552734,937.7000122070312,1746.5,153.0,13073.0,4955.5,3475.0,236.89999389648438,1126.800048828125,425.95001220703125,186.5,26.799999237060547,737.7999877929688,0.03390999883413315,1916.0
2019-01-03,99.98999786376953,934.2000122070312,1823.0,156.27999877929688,12993.0,5007.0,3576.0,240.5,1118.199951171875,425.8500061035156,186.99000549316406,26.78499984741211,731.7999877929688,0.034210000187158585,1859.5
2019-01-04,101.55000305175781,949.7000122070312,1868.0,159.14999389648438,13070.0,5074.5,3600.0,248.60000610351562,1138.800048828125,430.3999938964844,190.99000549316406,27.045000076293945,737.7000122070312,0.034619998186826706,1916.0
2019-01-08,98.6500015258789,952.7000122070312,1822.0,158.25999450683594,13128.0,5039.0,3680.0,250.0500030517578,1118.199951171875,423.6000061035156,191.24000549316406,27.010000228881836,723.2000122070312,0.03483999893069267,1926.5
2019-01-09,101.4000015258789,972.5999755859375,1792.0,160.24000549316406,13229.0,5060.0,3698.5,252.0,1121.0,427.70001220703125,197.0,27.06999969482422,717.9000244140625,0.03500000014901161,1960.0
2019-01-10,102.94999694824219,970.0,1759.5,160.1999969482422,13343.0,5152.0,3830.0,256.0,1132.5,432.1000061035156,196.75,27.434999465942383,732.5999755859375,0.03505000099539757,1985.0
2019-01-11,104.0,972.5,1760.0,161.0,13437.0,5200.0,3827.0,252.8000030517578,1129.4000244140625,434.6000061035156,196.8000030517578,27.6299991607666,730.2999877929688,0.035190001130104065,1983.0
2019-01-14,103.98999786376953,960.5,1765.0,160.47999572753906,13389.0,5200.0,3790.5,252.35000610351562,1128.9000244140625,427.8999938964844,196.8000030517578,27.975000381469727,725.0,0.03530000150203705,1992.5
2019-01-15,104.05000305175781,954.7999877929688,1772.5,158.14999389648438,13389.0,5195.0,3920.0,252.4499969482422,1130.800048828125,424.3500061035156,198.0,28.165000915527344,721.0,0.03547000139951706,1999.5
2019-01-16,104.5999984741211,953.0999755859375,1759.0,156.89999389648438,13180.0,5129.0,3970.0,254.75,1124.9000244140625,421.0,201.25999450683594,27.90999984741211,722.0,0.03564999997615814,1980.0
2019-01-17,102.22000122070312,953.2000122070312,1721.5,157.10000610351562,13282.0,5184.5,4155.0,255.25,1127.5,415.8999938964844,203.32000732421875,27.799999237060547,734.0999755859375,0.03570999950170517,1993.5
2019-01-18,103.5,954.7999877929688,1783.0,159.1999969482422,13359.0,5193.5,4152.0,257.5,1130.0,419.70001220703125,208.44000244140625,28.024999618530273,741.0,0.03709999844431877,2044.5
2019-01-21,102.55000305175781,950.0,1770.0,158.3000030517578,13353.0,5200.0,4140.0,260.0,1122.0,422.29998779296875,207.1699981689453,27.864999771118164,735.4000244140625,0.036890000104904175,2044.5
2019-01-22,100.0,952.2999877929688,1822.5,158.5,13306.0,5186.0,4200.0,258.54998779296875,1116.4000244140625,416.8999938964844,207.9499969482422,27.93000030517578,750.5,0.03709999844431877,2051.0
2019-01-23,100.5999984741211,945.7999877929688,1811.0,159.89999389648438,13378.0,5205.5,4300.0,264.45001220703125,1124.0,419.8999938964844,210.39999389648438,27.889999389648438,784.0,0.037539999932050705,2060.0
2019-01-24,101.0,926.0,1834.0,160.89999389648438,13369.0,5196.5,4256.0,263.5,1098.300048828125,408.5,212.1999969482422,27.315000534057617,772.9000244140625,0.03692999854683876,2083.0
2019-01-25,100.63999938964844,951.0,1820.5,162.82000732421875,13312.0,5215.0,4191.0,261.0,1115.0,414.0,212.0,27.53499984741211,798.9000244140625,0.036959998309612274,2152.0
2019-01-28,98.80000305175781,952.5,1785.0,160.55999755859375,13089.0,5165.0,4147.0,257.79998779296875,1118.5999755859375,411.20001220703125,209.6999969482422,27.354999542236328,791.4000244140625,0.03694000095129013,2167.0
2019-01-29,97.2300033569336,956.9000244140625,1760.0,162.9499969482422,13260.0,5196.5,4188.0,259.54998779296875,1133.5,412.8999938964844,213.61000061035156,27.434999465942383,798.7999877929688,0.03742000088095665,2152.0
2019-01-30,97.11000061035156,976.2000122070312,1740.0,165.39999389648438,13639.0,5227.0,4164.0,261.1000061035156,1139.300048828125,415.79998779296875,213.13999938964844,27.44499969482422,806.9000244140625,0.03748000040650368,2157.0
2019-01-31,98.55999755859375,998.5,1715.5,162.82000732421875,13596.0,5272.5,4155.0,260.75,1145.0,411.25,217.89999389648438,27.354999542236328,806.9000244140625,0.037769999355077744,2212.0
2019-02-01,99.5,1014.7999877929688,1748.5,163.3300018310547,13534.0,5319.5,4133.0,261.54998779296875,1125.199951171875,411.95001220703125,216.2899932861328,27.415000915527344,808.0999755859375,0.03791999816894531,2197.199951171875
2019-02-04,97.77999877929688,1029.0,1721.0,163.1999969482422,13500.0,5350.0,4130.0,263.25,1138.0,411.0,215.5,27.399999618530273,803.2000122070312,0.038350000977516174,2212.0
2019-02-05,98.88999938964844,1028.800048828125,1760.0,164.25,13588.0,5435.0,4054.0,264.95001220703125,1143.4000244140625,428.5,217.85000610351562,27.475000381469727,810.0,0.03821000084280968,2250.800048828125
2019-02-06,99.5,1019.0,1793.0,163.2100067138672,13690.0,5461.0,4025.5,263.1499938964844,1126.4000244140625,421.54998779296875,216.58999633789062,27.31999969482422,804.0,0.0376100018620491,2244.0
2019-02-07,100.08000183105469,1026.0,1801.0,160.38999938964844,13650.0,5385.0,4029.5,261.79998779296875,1130.0,411.54998779296875,211.00999450683594,27.049999237060547,804.7000122070312,0.03700999915599823,2192.199951171875
2019-02-08,99.5999984741211,1022.2000122070312,1821.5,159.8000030517578,13732.0,5386.0,4039.5,255.0,1127.5999755859375,411.6000061035156,210.42999267578125,26.844999313354492,787.2999877929688,0.037129998207092285,2163.39990234375
2019-02-11,99.5,1031.4000244140625,1792.0,161.2899932861328,13702.0,5419.5,4035.0,251.5500030517578,1114.199951171875,410.5,214.0,26.700000762939453,780.0,0.03759999945759773,2196.0
2019-02-12,98.33000183105469,1035.0,1803.5,163.67999267578125,13780.0,5439.0,4035.0,255.35000610351562,1121.199951171875,414.5,219.10000610351562,26.809999465942383,784.5,0.03790000081062317,2230.0
2019-02-13,96.97000122070312,1011.7999877929688,1759.5,159.27000427246094,13552.0,5351.0,3988.0,254.10000610351562,1095.0,401.6000061035156,213.89999389648438,26.260000228881836,761.5999755859375,0.036990001797676086,2258.0
