TRADEDATE;CLOSE;OPEN;HIGH;LOW;VALUE
01.04.2014;316.6;315.09;317.27;315.09;1615513893
02.04.2014;313.89;316.55;316.95;313.86;2003539915
03.04.2014;314.03;314.07;315.22;313.89;844489110
04.04.2014;315.27;314.28;315.27;314.28;930556543
07.04.2014;314.77;315.14;315.87;314.53;1117357807
08.04.2014;315.35;314.84;315.35;314.41;1941155405
09.04.2014;315.61;314.89;315.68;314.63;2050706687
10.04.2014;316.26;315.69;316.7;315.69;968675664
11.04.2014;316.46;316.4;318.69;316.4;1166028438
14.04.2014;314.86;316.56;316.6;314.79;830801595
15.04.2014;314.74;314.97;315.83;314.32;1017867929
16.04.2014;313.33;314.89;315.53;313.33;1571685863
17.04.2014;313.93;312.9;313.94;312.9;617745291
18.04.2014;315.86;313.66;316.42;313.66;1061335475
21.04.2014;316.1;316.23;316.44;315.59;270435483
22.04.2014;316.02;315.86;316.22;315.76;263112135
23.04.2014;314.53;316.04;316.2;314.53;1157158587
24.04.2014;314.88;314.6;315.77;314.3;853408250
25.04.2014;310.4;314.83;314.83;310.4;1939223058
28.04.2014;308.78;310.77;310.77;308.74;1322773127
29.04.2014;309.91;308.85;310.69;308.85;762938077
30.04.2014;310.69;310.24;313.93;310.24;756302602
02.05.2014;311.57;311.22;311.58;311.08;1008162
05.05.2014;310.82;312.3;313.95;310.76;322424150
06.05.2014;310.8;310.91;311.23;310.59;1257005523
07.05.2014;312.79;310.79;312.79;310.67;2231292910
08.05.2014;315.1;312.53;315.27;312.53;2741711188
12.05.2014;315.29;315.07;320.83;315.07;3180964258
13.05.2014;315.32;315.37;315.75;314.97;2840131846
14.05.2014;315.4;315.18;315.58;314.98;4518191260
15.05.2014;316.11;315.44;316.42;315.42;1716969150
16.05.2014;315.54;316.1;316.33;315.54;838962489
19.05.2014;315.79;315.97;318.45;315.79;3833156418
20.05.2014;316.55;315.85;316.96;315.85;1983996393
21.05.2014;317.86;316.28;317.86;316.28;3775546520
22.05.2014;318.12;317.89;318.16;316.66;2185019091
23.05.2014;318.78;318.26;318.78;317.76;3104108389
26.05.2014;319.8;318.31;320.08;318.31;1973532957
27.05.2014;318.92;319.6;319.91;318.92;833212954
28.05.2014;318.51;318.99;318.99;318.29;2158354654
29.05.2014;319.57;318.62;319.94;318.51;3288341081
30.05.2014;320.01;319.69;320.24;319.64;2457222652
02.06.2014;320.66;320.63;321.31;319.95;3234910790
03.06.2014;320.41;320.87;320.87;319.97;1706906123
04.06.2014;320.89;320.6;320.9;320.18;1524546465
05.06.2014;321.8;321.01;321.84;321.01;3168276696
06.06.2014;322.56;321.8;322.6;321.8;4671861290
09.06.2014;323.49;322.96;325.11;322.91;757615090
10.06.2014;323.21;322.83;323.83;322.7;832363153
11.06.2014;322.98;323.13;323.13;322.39;630141066
16.06.2014;321.66;323.15;323.42;321.3;2420070563
17.06.2014;321.31;321.65;322.42;321.31;630534643
18.06.2014;321.87;321.31;321.87;320.48;3250162893
19.06.2014;322.75;321.94;322.93;321.94;1708069919
20.06.2014;323.27;322.64;323.28;322.09;2168201006
23.06.2014;323.65;323.57;323.99;323.55;441202056
24.06.2014;324.11;323.5;324.39;322.64;1133044557
25.06.2014;324.47;324.27;325;324.12;1762160083
26.06.2014;324.94;324.76;324.98;324.64;3131741970
27.06.2014;325.31;324.63;325.51;324.63;2825276312
30.06.2014;324.81;325.54;326.97;324.72;2049331431
01.07.2014;324.83;324.85;325;324.67;710694076
02.07.2014;324.79;324.95;325.17;324.76;1387533346
03.07.2014;324.91;324.82;325.21;324.76;1685361295
04.07.2014;324.88;325.01;325.24;324.82;366547981
07.07.2014;324.57;325.1;325.38;324.57;524095212
08.07.2014;324.94;324.72;324.94;324.34;1334229198
09.07.2014;324.92;325.07;325.29;324.78;1157789031
10.07.2014;324.26;324.96;325.31;324.26;1306203479
11.07.2014;323.66;324.36;324.52;323.66;2941099746
14.07.2014;323.6;323.78;324.02;323.6;912095651
15.07.2014;323.28;323.61;323.68;322.97;3085481304
16.07.2014;323.53;323.45;324.22;323.35;2559545598
17.07.2014;320.38;323.6;323.6;320.21;4608806194
18.07.2014;319.45;320.04;320.04;319.24;2346291442
21.07.2014;318.74;319.76;319.94;318.74;2520026071
22.07.2014;319.2;318.89;319.4;318.85;2734431683
23.07.2014;320.1;319.24;320.46;319.22;1664122718
24.07.2014;319.5;320.61;321.81;319.43;1544964094
25.07.2014;317.06;319.59;319.99;317.06;2403304495
28.07.2014;315.84;317.34;317.77;315.84;1553885448
29.07.2014;314.61;314.52;315.77;314.15;2593974607
30.07.2014;314.65;314.96;315.41;314.34;1304076602
31.07.2014;314.99;314.6;315.96;314.52;2580460406
01.08.2014;313.7;314.79;315.12;313.6;3560324111
04.08.2014;313.4;314.07;315.25;313.4;2436143782
05.08.2014;311.98;313.56;314.58;311.94;3488304049
06.08.2014;310.87;311.91;312.07;310.6;4111683824
07.08.2014;310.36;311;311.26;310.31;3275177792
08.08.2014;310.5;310.5;311.44;309.81;2516021086
11.08.2014;313.63;310.74;313.63;310.74;2859959370
12.08.2014;314.68;313.76;315.28;313.39;2807175634
13.08.2014;315.14;314.6;315.46;314.17;3605947376
14.08.2014;316.85;314.94;316.85;314.94;5023819860
15.08.2014;317.73;317.32;317.74;316.96;6036072954
18.08.2014;317.89;317.63;318.35;317.59;1781426641
19.08.2014;316.65;317.94;318;316.51;1485783880
20.08.2014;316.91;316.93;317;316.01;2079757696
21.08.2014;317.11;317.03;317.11;316.78;3435305647
22.08.2014;317.54;317.16;317.82;317.13;2473942061
25.08.2014;317.47;317.57;317.85;317.47;854754340
26.08.2014;318.07;317.52;318.11;317.35;2975600561
27.08.2014;318.07;318.13;318.13;317.81;2039527099
28.08.2014;315.47;318.13;318.13;315.47;2865614785
29.08.2014;313.7;315.19;315.46;313.69;3055591523
01.09.2014;311.87;313.81;314.54;311.73;908867580
02.09.2014;312.4;312.28;312.59;311.87;695879539
03.09.2014;314.92;312.53;315.09;312.52;3780639002
04.09.2014;317.01;314.96;317.01;314.94;1705933223
05.09.2014;317.37;317.26;317.45;316.47;1208529449
08.09.2014;316.46;318.04;318.28;316.29;747047739
09.09.2014;317.18;316.72;319.13;316.35;1024025374
10.09.2014;315.75;317.37;317.37;315.74;1477973024
11.09.2014;315.21;315.6;316.54;315.21;1021723945
12.09.2014;315.35;315.28;315.76;314.76;953234755
15.09.2014;315.11;315.61;315.8;315.11;572247785
16.09.2014;314.89;315.21;315.34;313.41;811252443
17.09.2014;316.38;314.99;316.38;314.83;1194267337
18.09.2014;317.32;316.63;317.35;316.38;612350462
19.09.2014;316.92;317.39;317.4;316.87;627448025
22.09.2014;317.7;317.23;317.74;317;438983371
23.09.2014;319.42;317.86;319.42;317.71;1139766012
24.09.2014;320.42;319.54;320.43;319;2673892986
25.09.2014;321.27;320.36;321.52;320.26;1708415247
26.09.2014;320.24;321.34;321.42;320.06;408619008
29.09.2014;320.43;320.29;321.09;320.06;181235600
30.09.2014;320.74;320.52;322.51;320.45;1201432019
01.10.2014;320.04;321.25;321.54;319.62;606235632
02.10.2014;320.46;320.1;320.46;319.92;514505150
03.10.2014;319.27;320.56;320.58;319.25;831692119
06.10.2014;318.53;319.46;319.46;318.53;631663839
07.10.2014;318.57;318.76;320.11;318.55;887463282
08.10.2014;317.55;318.74;318.91;317.5;1296768371
09.10.2014;317.48;317.71;318.24;317.48;1239671978
10.10.2014;316.08;317.55;317.67;316.08;1254593575
13.10.2014;317.02;316.86;317.27;316.63;499054364
14.10.2014;315.57;317.03;317.06;315.53;710101492
15.10.2014;315.7;315.61;315.87;315.29;1132953820
16.10.2014;315.7;315.69;316.05;315.2;2296035151
17.10.2014;315.79;315.94;316.08;315.38;1211871085
20.10.2014;316.64;316.05;318;315.98;380156265
21.10.2014;316.42;316.59;316.84;316.22;869783661
22.10.2014;316.99;316.57;317.36;316.48;1808116860
23.10.2014;316.22;317.13;317.13;316.11;1500249478
24.10.2014;315.86;316.3;316.3;315.56;1058037924
27.10.2014;315.97;316.23;316.56;315.86;953539912
28.10.2014;315.12;316.05;316.69;315.12;1004673764
29.10.2014;314.13;315.32;316.67;314.12;979963045
30.10.2014;313.85;314.12;314.21;312.81;2596349887
31.10.2014;314.74;313.71;315.82;313.67;2111859622
03.11.2014;314.48;314.86;314.86;314.48;803196
05.11.2014;314.7;314.42;314.85;313.92;1464900214
06.11.2014;314.66;314.7;315.42;314.64;1005251635
07.11.2014;313.61;314.64;314.65;313.6;1378399686
10.11.2014;315.49;313.81;315.9;313.81;739886315
11.11.2014;314.36;315.71;315.76;314.36;834812899
12.11.2014;313.91;314.42;314.46;313.83;774748137
13.11.2014;313.82;314.2;314.55;313.82;1646364720
14.11.2014;312.6;313.95;313.95;312.6;679977314
17.11.2014;312.76;312.83;313.25;312.76;687806688
18.11.2014;312.27;312.71;313.08;312.27;1155742535
19.11.2014;312.08;312.25;312.31;312.03;1540245002
20.11.2014;312.32;312.05;312.37;311.93;2509785518
21.11.2014;313.22;312.22;313.64;312.22;1383090712
24.11.2014;314.3;313.54;314.3;313.52;658532881
25.11.2014;312.59;314.41;314.41;312.57;886444777
26.11.2014;311.83;312.6;312.89;311.83;698221734
27.11.2014;311.75;311.93;312.6;311.45;843896054
28.11.2014;310.34;312.09;312.09;310.17;1879725063
01.12.2014;305.99;310.43;310.43;305.96;988970820
02.12.2014;307.48;306.23;307.63;305.57;1234705288
03.12.2014;304.86;307.36;307.41;304.86;1951157520
04.12.2014;304.77;304.94;306.39;304.75;1909426927
05.12.2014;299.3;305.27;305.91;299.17;1773512997
08.12.2014;292.06;299.31;300.17;292.06;2710414107
09.12.2014;285.76;291.78;295;285.63;2117176136
10.12.2014;289.48;285.15;289.69;285.1;2799313411
11.12.2014;290.33;290.51;290.81;289.24;2200657711
12.12.2014;285.84;290.29;290.29;285.25;1772975659
15.12.2014;282.25;286.1;286.1;282.2;1274871244
16.12.2014;257.8;281.55;281.55;257.47;2177246665
17.12.2014;270.39;257.42;271.44;257.42;1197694073
18.12.2014;276.18;270.74;277.99;270.74;1369674439
19.12.2014;273.77;275.06;275.06;272.92;648394988
22.12.2014;280.49;275.87;281.45;275.87;725167787
23.12.2014;277.95;280.94;282.91;277.81;203172771
24.12.2014;277.37;280.29;283.56;277.21;279362834
25.12.2014;277.38;277.26;279.39;275.02;1100761177
26.12.2014;279.79;277.62;281.44;277.62;344114634
29.12.2014;277.14;280.48;281.84;277.14;787973801
30.12.2014;278.02;277.76;279.31;277.51;2652818649
05.01.2015;277.04;278.62;279.33;276.99;3308545
06.01.2015;275.98;278.01;278.5;275.13;180605223
08.01.2015;273.97;275.09;275.8;273.96;4674350
09.01.2015;276.01;273.86;276.89;273.86;4903113
12.01.2015;268.9;276.28;278.38;268.9;1321727028
13.01.2015;263.03;268.67;268.67;262.92;753276003
14.01.2015;263.92;263.25;263.92;262.45;1408509858
15.01.2015;271.56;264.1;271.93;264.1;554609825
16.01.2015;274.66;271.77;274.94;270.18;743829995
19.01.2015;274.58;274.92;275.72;273.72;1410627303
20.01.2015;275.16;274.68;275.49;274.26;676890918
21.01.2015;275.09;275.28;275.58;275.09;2347323667
22.01.2015;276.42;275.14;276.42;274.89;730012092
23.01.2015;278.75;276.55;279.4;276.16;927186710
26.01.2015;275.05;278.73;278.75;275.05;1463757456
27.01.2015;274.59;274.97;274.97;273.78;761214479
28.01.2015;276.01;275.05;277.02;274.83;654630201
29.01.2015;274.52;276.21;276.54;274.28;1547172939
30.01.2015;278.85;274.55;279.11;274.55;1426469618
02.02.2015;281.51;279.01;281.51;277.7;905136858
03.02.2015;284.96;281.83;284.96;281.83;481817069
04.02.2015;283.73;285.22;285.34;283.49;1679475899
05.02.2015;285.51;283.72;285.54;282.78;1051959677
06.02.2015;288.86;286.35;288.95;286.35;2679268142
09.02.2015;289.71;289.22;289.86;288.52;1224269150
10.02.2015;289.27;290.06;290.06;289.11;1610581187
11.02.2015;288.99;289.64;289.95;288.99;1102201666
12.02.2015;289.54;289.15;289.81;288.55;1229092846
13.02.2015;292.05;289.8;292.05;289.3;502536077
16.02.2015;296.16;292.64;296.16;292.5;727263936
17.02.2015;297.05;296.11;297.08;295.6;427730323
18.02.2015;299.16;297.44;299.26;297.44;828151142
19.02.2015;298.83;299.51;299.8;298.65;1596803897
20.02.2015;295.87;298.66;299.08;295.87;526978512
24.02.2015;290.93;294.62;295.97;290.93;286278052
25.02.2015;290.62;291.78;292.12;290.37;1118709023
26.02.2015;290.82;291.01;291.4;290.82;1280093316
27.02.2015;288.21;290.89;291.02;288.21;705549902
02.03.2015;285.6;288.29;288.29;285.6;667050124
03.03.2015;286.64;285.61;286.64;284.65;769942981
04.03.2015;289.37;286.89;289.37;286.78;1532499771
05.03.2015;291.44;289.23;291.45;289.23;1112244927
06.03.2015;292.86;291.24;293.05;291.24;865606252
10.03.2015;292.49;293.44;294.02;292.4;500620854
11.03.2015;292.32;291.76;292.48;291.36;1159638816
12.03.2015;293.12;292.98;293.25;292.42;2224799821
13.03.2015;293.65;293.35;294.53;293.35;1307611789
16.03.2015;291.7;293.63;293.85;291.7;1148256276
17.03.2015;291.28;292.13;292.13;290.91;691359134
18.03.2015;291.98;291.7;294.17;291.66;202417434
19.03.2015;292.29;292.19;292.63;291.44;458917937
20.03.2015;294.63;292.52;294.63;292.52;1113771621
23.03.2015;296.87;294.79;296.87;294.79;982569142
24.03.2015;298.43;296.96;298.43;296.78;1628343446
25.03.2015;301.92;298.25;301.92;298.25;2441441332
26.03.2015;305.84;302.2;305.84;302.2;3542305632
27.03.2015;306.14;305.67;306.14;304.83;837442405
30.03.2015;305.9;306.22;306.36;305.67;527538496
31.03.2015;303.91;306.67;306.67;303.89;2541018014
01.04.2015;306.28;303.74;306.31;301.89;1746545179
02.04.2015;307.64;306.31;308.09;305.97;1282936544
03.04.2015;307.34;307.88;308.22;306.79;319615615
06.04.2015;307.98;307.46;308.19;307.46;246517737
07.04.2015;308.56;308.15;308.73;307.37;2363409569
08.04.2015;309.54;308.63;310.51;308.47;3655768988
09.04.2015;312.25;309.6;312.36;309.6;2857342780
10.04.2015;315.42;312.26;315.63;312.26;2045128105
13.04.2015;316.31;315.56;316.73;315.56;962931650
14.04.2015;316.58;316.45;316.95;315.81;438506714
15.04.2015;321.24;316.65;321.24;316.14;1413669315
16.04.2015;321.92;319.96;324.77;319.96;5395923786
17.04.2015;320.01;322.08;322.68;320.01;1465747356
20.04.2015;318.81;320.28;323.79;318.78;646359881
21.04.2015;317.24;319.27;319.49;317.23;1158660797
22.04.2015;315.68;317.23;317.64;315.67;3005931272
23.04.2015;315.86;315.73;315.94;315.03;2109021759
24.04.2015;317.55;316.26;318.27;316.26;1441494811
27.04.2015;317.6;317.76;317.76;317.04;790365468
28.04.2015;317.12;317.7;317.75;316.68;316003402
29.04.2015;319.19;317.22;319.19;317.21;401698107
30.04.2015;322.31;319.22;322.31;318.95;2073452181
05.05.2015;324.89;322.54;325;322.54;3384907499
06.05.2015;326.39;324.79;326.47;324.79;1545546661
07.05.2015;326.43;326.52;326.95;326.3;578349601
08.05.2015;325.86;326.53;326.53;325.84;275735760
12.05.2015;325.44;326.02;326.24;325.4;521190748
13.05.2015;325.74;325.39;326.54;325.39;211493620
14.05.2015;325.3;325.19;325.84;325.09;978777986
15.05.2015;325.3;325.32;325.52;324.47;553373059
18.05.2015;326.15;325.61;326.3;325.53;1015422406
19.05.2015;326.71;326.1;327.03;326.09;1720352622
20.05.2015;325.9;326.67;326.67;325.8;1929009115
21.05.2015;327.54;325.96;327.54;325.96;2364072891
22.05.2015;327.97;327.58;328.3;327.51;1680770783
25.05.2015;328.39;328.49;328.65;327.81;1241329702
26.05.2015;327.34;328.47;328.67;327.34;2266790687
27.05.2015;326.2;327.42;328.21;326.1;5101202379
28.05.2015;325.9;326.18;326.96;325.9;2329384517
29.05.2015;326.23;326.05;326.27;325.55;991219193
01.06.2015;325.97;326.68;326.94;325.78;1140446050
02.06.2015;325.52;324.97;325.81;324.78;317767636
03.06.2015;326.44;326.87;327.63;326.42;3156924417
04.06.2015;324.03;326.53;326.53;324.03;3106130498
05.06.2015;323.01;324.14;324.14;322.88;1833391472
08.06.2015;323.43;323.1;323.57;323.1;1417540729
09.06.2015;324.31;323.55;324.36;323.39;1106247235
10.06.2015;326.17;324.71;326.17;324.1;3094474768
11.06.2015;326.7;326.61;327.62;326.56;789820108
15.06.2015;326.69;327.17;328.72;326.69;480325197
16.06.2015;323.83;325.11;325.52;323.81;1464935697
17.06.2015;324.55;325.13;325.32;324.55;1987860972
18.06.2015;324.52;324.77;325.37;324.04;1215625401
19.06.2015;324.53;324.86;324.98;324.29;1040271588
22.06.2015;325.94;325.23;325.94;325;1005118984
23.06.2015;325.67;326.09;326.16;325.17;1346848472
24.06.2015;327.05;325.64;327.08;325.55;1164430235
25.06.2015;325.8;326.29;326.66;325.76;5539367820
26.06.2015;325.22;326.01;326.06;325.21;921916537
29.06.2015;324.15;325.17;325.4;324.07;2065237144
30.06.2015;325.2;324.22;325.88;324.22;901231648
01.07.2015;325.93;325.17;325.93;325.17;536174846
02.07.2015;325.83;325.94;326.05;325.78;1181592593
03.07.2015;326.14;326.31;326.42;325.98;800721868
06.07.2015;325.28;326.16;326.21;325.28;540575311
07.07.2015;324.04;325.28;325.38;324.03;3242785197
08.07.2015;324.55;324.16;324.6;324.16;894789170
09.07.2015;325.72;324.76;325.79;324.76;2787375364
10.07.2015;327.42;326.07;327.42;326.07;2428276311
13.07.2015;328.05;327.62;328.06;327.62;2961585408
14.07.2015;328.52;328.71;328.77;327.86;2409980613
15.07.2015;330.7;328.9;330.79;328.53;2095581779
16.07.2015;332.47;330.68;332.47;330.4;3219736287
17.07.2015;335.53;332.71;336.18;332.71;2691861187
20.07.2015;334.54;335.6;335.6;334.54;1019100716
21.07.2015;333.31;334.59;334.63;333.31;687066912
22.07.2015;333.85;333.39;333.85;332.97;1569531403
23.07.2015;332.97;333.92;333.95;332.97;1661470166
24.07.2015;332.43;333.45;333.72;332.43;1627797045
27.07.2015;330.38;332.05;332.2;330.35;1821712142
28.07.2015;327.37;329.71;329.71;326.4;5736806260
29.07.2015;331.64;328.23;331.64;328.23;4982786355
30.07.2015;332.05;331.52;332.72;331.52;1619070596
31.07.2015;332.02;332.3;333.92;331.57;994474799
03.08.2015;331.13;332.17;332.74;331.11;694385430
04.08.2015;331.25;331.18;331.85;331.15;8920463503
05.08.2015;331.49;331.6;332;331.22;7841903328
06.08.2015;330.53;331.66;331.73;330.44;3670438468
07.08.2015;330.13;330.81;330.81;330.08;6756983019
10.08.2015;330.4;330.82;331.29;330.2;8461212161
11.08.2015;330.52;330.52;331.3;330.47;9351619247
12.08.2015;330.18;330.65;330.75;330.04;4135245649
13.08.2015;330.45;330.45;330.93;330.24;4887764551
14.08.2015;330.09;330.75;330.99;330.08;3779520937
17.08.2015;329.75;330.33;330.41;329.75;1498415057
18.08.2015;329.25;329.7;329.77;329.25;9007926847
19.08.2015;329.12;329.44;329.95;329.12;10781082496
20.08.2015;326.24;329.73;329.73;326.22;16248807581
21.08.2015;323.34;326.23;326.57;323.34;9737887179
24.08.2015;318.79;323.62;323.62;318.12;15374684110
25.08.2015;320.84;318.98;320.91;318.9;11091214111
26.08.2015;322.39;321.06;322.7;321.06;9280926061
27.08.2015;323.4;322.48;324.24;322.11;14624089424
28.08.2015;323.59;323.63;324.94;323.54;8606893504
31.08.2015;324.19;323.9;325.22;323.9;3253171593
01.09.2015;324.71;324.45;325.09;324.29;9362971890
02.09.2015;324.06;324.73;324.76;323.58;7130751664
03.09.2015;324.57;324.29;325.08;324.29;5439220151
04.09.2015;325.66;324.77;326.2;324.77;4885238614
07.09.2015;324.37;325.88;325.88;324.12;2215772385
08.09.2015;324.77;324.49;324.85;323.97;5078269810
09.09.2015;325.66;325;325.86;324.96;3793049177
10.09.2015;325.5;325.83;325.83;325.29;5185490392
11.09.2015;325.87;325.69;326.09;325.69;9035853045
14.09.2015;326.42;326.01;326.53;325.96;2969922448
15.09.2015;327.89;326.47;327.92;326.47;10807480260
16.09.2015;329;327.62;329.16;327.62;12574713802
17.09.2015;329.41;329.26;329.89;329.2;6292468498
18.09.2015;329.73;329.82;330.38;329.64;13820747732
21.09.2015;331.58;330.28;331.72;329.96;4657311982
22.09.2015;332.22;332.18;332.78;332.18;8474361798
23.09.2015;332.17;332.48;332.48;331.79;12168575102
24.09.2015;331.58;332.48;332.57;331.4;7710747163
25.09.2015;332.12;332.15;332.68;331.7;6094442455
28.09.2015;331.84;332.23;332.56;330.96;6740000979
29.09.2015;332.05;331.82;332.18;331.36;4951913866
30.09.2015;333.19;332.46;333.57;332.46;10900240024
01.10.2015;334.54;333.3;334.62;332.93;10170585658
02.10.2015;333.99;334.67;334.89;333.99;7270742456
05.10.2015;335.94;334.31;335.95;334.28;6308329197
06.10.2015;338.66;336.06;338.7;336.06;13690834496
07.10.2015;342.53;338.9;342.74;338.79;9374700181
08.10.2015;341.38;342.64;343.01;340.91;7896444794
09.10.2015;343.57;341.69;343.7;341.69;18899383692
12.10.2015;343.05;342.33;344.09;342.33;6931856380
13.10.2015;342.62;343.13;343.63;342.62;9977396402
14.10.2015;343.3;342.65;343.32;342.65;10196835937
15.10.2015;345.45;343.82;345.45;343.6;22567618795
16.10.2015;347.16;345.5;347.16;345.5;12648141403
19.10.2015;348.15;347.61;348.24;347.53;8790539837
20.10.2015;347.79;347.89;348.2;347.79;6979916675
21.10.2015;347.73;347.74;347.83;347.41;30784157248
22.10.2015;348.55;347.95;348.56;347.68;12519844384
23.10.2015;350.35;348.5;350.41;348.44;17522902296
26.10.2015;350.51;350.46;350.93;350.19;11800025180
27.10.2015;349.83;350.61;350.61;349.83;22243311398
28.10.2015;350.56;349.77;350.56;349.44;30382238331
29.10.2015;350.37;350.65;350.91;350.37;28752985323
30.10.2015;350.19;350.44;350.68;350.07;17505652257
02.11.2015;350.46;350.05;350.91;350.05;5372957963
03.11.2015;352.61;350.65;352.61;350.65;22798228632
05.11.2015;355.38;352.88;355.41;352.88;20441556044
06.11.2015;354;355.58;355.64;353.97;20471197363
09.11.2015;354.03;354.38;354.58;353.88;10290800437
10.11.2015;354.79;354.06;354.79;353.91;9301846428
11.11.2015;356.73;354.86;356.78;354.86;24814781562
12.11.2015;354.54;357.22;358.2;354.54;21208670578
13.11.2015;353.85;354.61;354.61;353.72;12041684806
16.11.2015;353.8;353.71;354.2;353.38;8714227921
17.11.2015;355.09;353.95;355.09;353.95;20646000789
18.11.2015;355.97;354.59;356.09;352.48;20770363075
19.11.2015;356.94;354.88;356.94;354.88;30399252986
20.11.2015;359.19;357.25;360.07;357.25;26359385627
23.11.2015;357.17;359.7;359.76;357.17;20763763325
24.11.2015;355.16;357.28;357.67;355.11;11544103720
25.11.2015;354.79;355.28;355.52;354.47;24010893314
26.11.2015;356.13;355.14;356.36;355.14;11852981864
27.11.2015;355.28;356.11;356.46;355.28;8766468952
30.11.2015;356.21;355.38;356.21;354.69;13244548763
01.12.2015;356.85;356.13;357.39;356.12;11965369096
02.12.2015;357.11;357.02;357.28;356.76;8828276838
03.12.2015;356.69;357.28;357.42;356.62;6764420129
04.12.2015;356.83;356.83;357.17;356.46;10123773650
07.12.2015;355.89;357.14;357.36;355.84;11532465662
08.12.2015;355.05;355.96;355.96;355.05;8690454937
09.12.2015;355.46;355.49;355.92;355.27;11139850322
10.12.2015;356.32;355.86;356.67;355.42;6420972350
11.12.2015;356.44;356.47;357.03;356.44;11615338062
14.12.2015;354.59;356.77;356.83;354.56;9183671307
15.12.2015;355.42;354.74;355.75;354.62;19592674707
16.12.2015;354.7;355.63;356.26;354.34;12894556766
17.12.2015;356.21;354.89;356.7;354.7;9484211737
18.12.2015;356.54;356.59;356.89;356.15;9119836685
21.12.2015;356.57;356.77;356.85;356.18;13564710803
22.12.2015;356.35;356.65;356.85;356.34;12886883319
23.12.2015;356.27;356.21;356.39;355.55;17157771484
24.12.2015;357.49;356.36;357.54;356.36;6140725884
25.12.2015;358.27;357.64;358.41;357.62;3224387245
28.12.2015;358.71;358.56;359.47;358.56;6718165231
29.12.2015;359.66;358.79;359.8;358.71;4903128013
30.12.2015;360.19;359.82;360.71;359.82;14738035799
04.01.2016;361.11;360.56;361.13;360.44;6680013
05.01.2016;362.11;361.26;362.11;361.17;3609964
06.01.2016;362.43;362.35;362.68;361.51;20631701
11.01.2016;358.08;362.86;362.94;358.08;12473245549
12.01.2016;353.94;358.16;358.16;353.91;17765159882
13.01.2016;353.69;354.09;354.89;353.43;17620608595
14.01.2016;352.28;353.86;354.03;352.26;24440165768
15.01.2016;350.96;352.44;353.67;350.95;18358672204
18.01.2016;349.87;351.1;351.1;349.4;10745593341
19.01.2016;352.37;349.82;352.49;349.82;41606566063
20.01.2016;349.62;352.54;352.6;349.62;29758410922
21.01.2016;347.61;349.79;349.88;346.79;37747884754
22.01.2016;351;347.86;351.56;347.86;28780912716
25.01.2016;351.87;351.63;354.04;351.56;12668678342
26.01.2016;352.71;351.93;352.71;351.56;13454123099
27.01.2016;354.89;352.89;354.89;352.89;8666839261
28.01.2016;357.85;355.38;358.04;355.35;14770070049
29.01.2016;357.4;357.99;359.18;357.34;23840461499
01.02.2016;356.34;357.47;357.91;356.34;7686153210
02.02.2016;354.85;356.24;356.37;354.67;12690030482
03.02.2016;355.98;354.98;356.16;354.91;14259601193
04.02.2016;357.54;356.11;357.64;356.11;17470801313
05.02.2016;357.2;357.67;357.76;356.9;5948006011
08.02.2016;357.32;357.44;357.63;357.16;11864605133
09.02.2016;356.07;357.43;357.54;356.07;20677896852
10.02.2016;356.74;356.2;356.76;355.61;14108091659
11.02.2016;356.73;356.78;357.84;356.73;15551609213
12.02.2016;356.66;356.82;357.51;356.66;8635977233
15.02.2016;359;357.03;359.32;357.03;8295533452
16.02.2016;358.69;359.09;359.86;358.69;12313472824
17.02.2016;358.85;358.67;358.87;357.68;6939774514
18.02.2016;360.89;358.81;360.91;358.81;11104325135
19.02.2016;361.64;361;361.96;360.83;10903161312
20.02.2016;361.83;361.72;361.98;360.92;40391554
22.02.2016;362.66;362.09;362.74;361.97;45907364
24.02.2016;363.09;362.96;363.61;362.74;9063267882
25.02.2016;365.58;363.21;365.6;363.21;22051776975
26.02.2016;366.97;365.76;367.28;365.64;13502891113
29.02.2016;367.19;367.26;368.32;366.89;4574518466
01.03.2016;369.79;367.37;369.79;367.27;22407695987
02.03.2016;371.28;369.96;371.35;369.96;6593708104
03.03.2016;371.82;371.46;371.94;371.41;4593267914
04.03.2016;373.04;371.9;373.07;371.9;5675131192
07.03.2016;373.75;373.36;373.75;373.27;66118985
09.03.2016;373.98;373.91;374.42;373.38;8681284393
10.03.2016;373.69;374.02;374.08;373.4;16659059890
11.03.2016;372.92;373.71;374.23;372.91;13147549660
14.03.2016;371.83;373.25;373.25;371.68;7689914104
15.03.2016;371.34;372.06;372.17;371.34;14661194100
16.03.2016;371.62;371.31;371.62;371.17;9545353484
17.03.2016;374.75;372.01;374.78;372.01;15079438776
18.03.2016;376.94;375.12;376.95;375.12;11354298261
21.03.2016;376.85;377.27;377.45;376.43;6690175724
22.03.2016;377.04;376.88;377.35;376.72;10180090260
23.03.2016;376.56;377.11;377.58;376.56;9931782870
24.03.2016;374.45;376.41;376.41;374.39;16074739943
25.03.2016;375.79;374.61;375.86;374.61;2550120235
28.03.2016;375.89;375.87;376.25;375.84;2889116756
29.03.2016;375.21;375.97;376.22;375.21;10186569210
30.03.2016;376.65;375.26;376.65;375.26;12120997368
31.03.2016;376.88;376.82;377.35;376.71;13193749156
01.04.2016;376.83;377.05;377.4;376.83;7552315931
04.04.2016;376.78;377.23;377.23;376.21;8288805689
05.04.2016;376;376.83;376.86;375.98;8356815636
06.04.2016;376.13;375.97;376.6;375.97;13923915367
07.04.2016;375.23;376.01;376.72;375.23;16698983262
08.04.2016;375.75;375.4;375.97;375.05;12983575348
11.04.2016;376.45;375.82;376.49;375.49;9288734687
12.04.2016;376.87;376.63;376.91;376.61;9811244870
13.04.2016;376.95;376.9;377.03;376.7;10785434598
14.04.2016;376.74;377.13;377.13;376.51;7964129358
15.04.2016;376.94;376.9;377.2;376.8;9925747619
18.04.2016;376.56;377.08;377.08;375.99;6131324056
19.04.2016;377.94;376.65;378.14;376.65;2661863989
20.04.2016;378.6;377.95;378.6;377.46;4086542384
21.04.2016;378.69;378.8;379.26;378.69;20506040944
22.04.2016;378.2;378.8;378.92;378.2;16637288256
25.04.2016;377.93;378.43;378.71;377.88;8273978553
26.04.2016;377.99;378.12;378.2;377.86;13212048677
27.04.2016;378.47;378.05;378.47;378.03;21637441089
28.04.2016;379.62;378.56;379.63;378.56;42240785516
29.04.2016;381.46;379.8;381.46;379.8;17371061850
04.05.2016;381.23;381.42;381.48;381.04;11162360247
05.05.2016;381.54;381.43;381.56;381.21;6582994477
06.05.2016;381.65;381.54;381.95;381.43;14153493985
10.05.2016;381.72;381.94;381.95;381.44;11359640750
11.05.2016;383.01;381.81;383.08;381.81;23710327145
12.05.2016;383.91;382.96;384.16;382.96;18336259052
13.05.2016;384.07;383.89;384.07;383.73;8005505520
16.05.2016;384.82;384.48;384.97;384.36;8903288636
17.05.2016;384.55;384.86;385.11;384.51;8028452242
18.05.2016;384.1;384.62;384.72;383.87;12442156768
19.05.2016;381.73;384.18;384.23;381.16;14859337085
20.05.2016;383.61;381.88;383.8;381.88;8888317363
23.05.2016;383.59;383.81;383.81;383.22;11176331229
24.05.2016;383.71;383.71;383.84;383.67;9074998846
25.05.2016;384.51;383.81;384.56;383.78;13896245099
26.05.2016;384.2;384.59;384.72;384.18;9969958729
27.05.2016;383.97;384.26;384.31;383.93;13212198386
30.05.2016;384.25;384.28;384.68;384.09;1294680802
31.05.2016;384.41;384.31;384.41;384.06;7878913422
01.06.2016;383.81;384.57;384.57;383.76;7968365873
02.06.2016;383.03;383.77;383.86;383.03;10246044795
03.06.2016;383.64;383.08;383.73;383.05;20234891468
06.06.2016;386.12;383.91;386.13;383.91;20242876580
07.06.2016;387.05;386.22;387.15;386.11;4984282979
08.06.2016;387.54;387.06;387.6;386.69;13358926986
09.06.2016;386.59;387.52;387.54;386.56;12649394857
10.06.2016;388.32;386.57;388.45;386.5;13968325823
14.06.2016;387.18;388.63;388.71;386.86;7028850851
15.06.2016;387.53;387.17;387.53;386.64;10985484752
16.06.2016;387.31;387.54;387.55;386.85;4710541299
17.06.2016;387.88;387.41;387.9;387.12;2955650004
20.06.2016;389.26;388.08;389.26;388.04;8213386491
21.06.2016;389.69;389.36;389.69;388.89;5516821905
22.06.2016;390.03;389.73;390.05;389.67;5205797793
23.06.2016;390.43;389.88;390.43;389.21;3050786140
24.06.2016;388.51;389.72;389.72;387.24;16114093461
27.06.2016;390.71;388.96;390.72;388.96;7793707056
28.06.2016;391.51;390.65;391.51;390.65;11390054591
29.06.2016;392.29;391.58;392.29;391.58;14684430277
30.06.2016;393.18;392.37;393.18;392.09;12498195561
01.07.2016;394.78;393.33;395.07;393.08;12986670861
04.07.2016;394.06;395.02;395.04;394.06;5602223448
05.07.2016;393.14;394.14;394.14;393.11;14598907168
06.07.2016;392.27;393.16;393.16;392.19;11865161998
07.07.2016;393.31;392.37;393.38;392.37;8455676419
08.07.2016;392.43;393.37;393.37;391.94;12283000339
11.07.2016;392.96;392.82;392.96;392.51;4088908240
12.07.2016;393.82;393.08;394.09;393.02;14484015650
13.07.2016;393.34;393.9;393.9;393.03;7390842238
14.07.2016;394;393.51;394;393.35;19330189384
15.07.2016;393.91;394.14;394.28;393.76;9088865803
18.07.2016;393.4;394.15;394.15;393.35;4500371680
19.07.2016;393.43;393.48;393.65;393.3;3542312709
20.07.2016;393.38;393.52;393.57;392.88;5850552490
21.07.2016;393.23;393.4;393.58;393.11;4365548698
22.07.2016;392.73;393.31;393.54;392.72;13104186153
25.07.2016;393.19;392.99;393.33;392.27;7947685399
26.07.2016;392.7;393.37;393.42;392.56;9186010137
27.07.2016;393.21;392.78;393.31;392.61;10790325603
28.07.2016;393.8;393.29;393.81;393.25;17815563884
29.07.2016;394.68;393.88;394.68;393.78;11549091983
01.08.2016;395.4;394.88;395.47;394.82;5496548348
02.08.2016;395.02;395.29;395.29;394.77;15166317859
03.08.2016;394.55;395.05;395.05;394.52;8375497374
04.08.2016;395.05;394.63;395.07;394.53;11359033585
05.08.2016;396.56;395.15;396.59;395.15;11291995365
08.08.2016;396.96;397.03;397.24;396.53;8513444201
09.08.2016;397.56;396.96;397.63;396.96;10393169348
10.08.2016;398.29;397.73;398.31;397.26;8879692461
11.08.2016;398.13;398.39;398.41;397.83;10113702669
12.08.2016;397.96;398.19;398.86;397.94;12649002472
15.08.2016;398.18;398.24;398.41;397.97;11297830885
16.08.2016;398.37;398.29;398.56;397.96;10660900705
17.08.2016;397.95;398.35;398.37;397.79;5933368773
18.08.2016;398.46;397.97;398.46;397.97;8479957105
19.08.2016;399.35;398.57;399.77;398.38;3572163489
22.08.2016;398.58;399.61;399.69;398.5;2441971449
23.08.2016;399.06;398.69;399.08;398.46;4048062635
24.08.2016;398.98;399.09;399.21;398.93;5055725285
25.08.2016;399.53;399.04;399.53;398.7;4539872852
26.08.2016;399.97;399.52;400.04;399.34;3587864751
29.08.2016;400.26;400.16;400.29;399.56;1629807959
30.08.2016;400.69;400.32;400.69;399.98;1340853592
31.08.2016;401.39;400.85;401.44;400.71;15410064506
01.09.2016;401.97;401.24;402.11;401.24;10182495674
02.09.2016;402.78;402.03;402.79;401.75;11951008464
05.09.2016;403.76;402.94;404.22;402.94;3782288097
06.09.2016;404.2;403.76;404.23;403.76;15331279221
07.09.2016;405.77;404.26;405.92;404.26;15968551512
08.09.2016;406.97;406.06;407.04;405.94;17402053957
09.09.2016;406.1;406.92;407.13;406.1;10033862460
12.09.2016;405.29;406.35;406.52;405.11;11490624695
13.09.2016;405.61;405.53;406.12;405.14;8595836072
14.09.2016;405.41;405.76;406.35;405.38;18809069694
15.09.2016;405.81;405.46;406.06;405.46;12350233879
16.09.2016;404.57;405.93;406.27;404.57;15126483155
19.09.2016;403.62;404.93;405.01;403.61;12012113574
20.09.2016;402.35;403.65;403.69;402.24;28325684797
21.09.2016;404.51;402.41;404.51;402.38;27600125194
22.09.2016;405.98;404.71;406.7;404.71;25598836758
23.09.2016;405.19;405.94;406.06;405.18;18172986274
26.09.2016;404.8;405.61;405.68;404.69;18762995117
27.09.2016;404.76;404.98;405.26;404.72;13011190032
28.09.2016;404.69;404.9;404.96;404.39;13718552384
29.09.2016;405.96;404.85;405.96;404.84;15802449725
30.09.2016;405.75;406;406.14;405.67;14430250470
03.10.2016;407.5;406.17;407.57;406.17;10868739759
04.10.2016;407.23;407.37;407.84;407.23;10117610246
05.10.2016;406.68;407.1;407.27;406.68;8799641628
06.10.2016;405.78;406.69;406.75;405.63;9052606388
07.10.2016;405.16;405.63;406.14;405.01;5090180471
10.10.2016;404.89;405.52;405.58;404.76;7295443181
11.10.2016;404.47;405.04;405.16;404.47;10361654260
12.10.2016;404.15;404.4;404.48;403.86;6490126388
13.10.2016;403.25;404.31;404.38;403.01;3643832768
14.10.2016;403.87;403.42;403.98;403.34;7973800272
17.10.2016;402.74;404.27;404.27;402.74;9462310647
18.10.2016;402.19;402.87;402.87;401.93;6414745585
19.10.2016;403.8;402.23;404.04;402;11365967361
20.10.2016;404.12;403.82;404.29;403.73;5585841725
21.10.2016;404.8;404.33;404.81;403.85;6553037430
24.10.2016;405.16;404.94;405.32;404.6;3867602535
25.10.2016;404.79;405.15;405.31;404.77;3181395223
26.10.2016;404.41;404.87;405.01;404.35;6109411461
27.10.2016;403.73;404.52;404.6;403.73;18528854224
28.10.2016;402.87;403.87;404.04;402.77;7118329820
31.10.2016;402.94;403.39;403.39;402.69;8575904241
01.11.2016;403;402.99;403.31;402.94;10171625469
02.11.2016;402.2;403.19;403.43;401.93;12302519437
03.11.2016;402.45;402.18;402.45;401.46;10794191629
07.11.2016;404.26;402.73;404.27;402.73;13127730925
08.11.2016;405.14;404.45;405.25;404.45;4754487574
09.11.2016;404.79;405.16;405.75;404.65;18408111171
10.11.2016;403.72;404.96;405.1;403.72;11770562710
11.11.2016;400.67;403.84;403.84;400.67;28392881100
14.11.2016;400.19;400.84;401.08;399.65;11530000105
15.11.2016;401.78;400.32;401.82;400.32;11944795865
16.11.2016;401.26;401.98;402.58;401.19;6674597681
17.11.2016;402.08;401.51;402.09;401.44;6974455150
18.11.2016;402.08;402.17;402.24;401.3;6292938671
21.11.2016;403.17;402.28;403.31;402.28;4435647806
22.11.2016;403.48;403.31;404.09;403.31;6300914271
23.11.2016;402.58;403.59;403.88;402.58;11681035176
24.11.2016;402.82;402.5;403.19;401.66;5546462139
25.11.2016;402.06;403;403;402.06;13030670162
28.11.2016;402.42;402.35;402.42;402.03;1693246480
29.11.2016;402.36;402.55;403.05;402.27;5452427269
30.11.2016;402.28;402.5;402.5;401.82;10040554454
01.12.2016;403.37;402.55;403.37;402.31;16133705482
02.12.2016;403.63;403.63;403.95;403.47;6725123095
05.12.2016;404.23;403.92;404.27;403.6;8190241071
06.12.2016;404.97;404.37;404.97;404.28;15061245737
07.12.2016;406.34;405.24;406.34;405.18;25348925810
08.12.2016;407.27;406.39;407.31;406.11;14911575317
09.12.2016;408.19;407.32;408.23;407.32;19032035290
12.12.2016;409.84;408.4;409.85;408.4;12783180803
13.12.2016;409.96;409.42;410.29;409.42;18381485250
14.12.2016;410.81;410.13;410.84;410.11;23996722708
15.12.2016;410.02;410.6;410.75;409.85;24648515091
16.12.2016;410.42;410.17;410.54;410.12;9053105943
19.12.2016;410.56;410.54;410.77;410.28;5300017572
20.12.2016;410.67;410.7;410.98;410.67;9799826265
21.12.2016;410.55;410.78;410.98;410.53;8378338983
22.12.2016;410.92;410.64;411.12;410.33;11484624341
23.12.2016;411.53;410.88;411.55;409.51;13547016056
26.12.2016;411.38;411.92;411.92;411.28;4275213173
27.12.2016;411.93;411.51;412.02;411.45;7539692899
28.12.2016;412.35;412.06;412.48;411.76;16500792736
29.12.2016;413.56;412.62;413.68;412.58;6094383653
30.12.2016;413.58;413.78;414.67;413.55;2870214677
03.01.2017;414.42;414.1;414.43;413.69;83662159
04.01.2017;415.76;414.51;415.8;414.51;24077997
05.01.2017;415.9;415.58;416.06;415.5;32803211
06.01.2017;416.41;415.74;416.47;415.44;85103945
09.01.2017;417.12;416.71;417.12;415.84;6346680243
10.01.2017;418.33;417.28;418.33;417.28;21022546987
11.01.2017;418.61;418.52;418.81;417.89;17945633407
12.01.2017;419.77;418.53;419.77;417.96;17485831361
13.01.2017;420.17;419.82;420.19;419.64;12632673378
16.01.2017;420;420.42;420.42;420;5196519114
17.01.2017;420.59;420.09;420.59;420.09;17275871478
18.01.2017;420.31;420.61;420.71;420.21;10823076469
19.01.2017;419.68;420.36;420.51;419.44;19500145870
20.01.2017;420.06;420.16;420.43;419.91;10765847071
23.01.2017;420.22;420.37;420.44;420.18;6923619715
24.01.2017;419.82;420.36;420.46;419.82;11632309839
25.01.2017;418.66;419.9;420.03;418.66;18904576996
26.01.2017;416.69;418.65;418.67;416.65;27572870938
27.01.2017;418.24;416.87;418.26;416.35;23020525992
30.01.2017;419.07;418.65;419.19;418.36;5080834685
31.01.2017;419.19;419.16;419.21;418.21;16537113452
01.02.2017;419.67;419.27;419.78;419.15;10933257610
02.02.2017;420.5;419.72;420.56;419.72;21123275369
03.02.2017;420.36;420.66;421.14;420.36;17010967754
06.02.2017;420.43;420.67;420.7;419.93;6716774732
07.02.2017;419.73;420.61;420.81;419.73;7121458422
08.02.2017;419.7;420.06;420.19;419.6;7833678064
09.02.2017;420.04;419.82;420.21;419.82;6945122386
10.02.2017;420.54;419.97;420.6;419.82;9393815072
13.02.2017;421.1;420.75;421.21;420.36;5134698736
14.02.2017;421.1;421.23;421.26;420.69;4309353098
15.02.2017;420.19;421.23;421.26;420.19;19589319083
16.02.2017;419.5;420.2;420.57;419.5;14747455106
17.02.2017;418.34;419.57;419.58;418.3;10444573738
20.02.2017;418.87;418.64;419.23;418.5;6624520886
21.02.2017;419.15;418.94;419.26;418.37;5548667587
22.02.2017;418.78;419.33;419.35;418.71;13405759578
24.02.2017;419.38;419.03;419.55;418.75;9977278
27.02.2017;419.1;419.79;419.79;418.5;5461698268
28.02.2017;418.54;419.28;419.28;418.47;6429167063
01.03.2017;418.89;418.73;418.93;417.91;18779218196
02.03.2017;418.12;419.07;419.13;418.12;11688125466
03.03.2017;418.92;418.31;418.92;418.25;19947518777
06.03.2017;420.05;419.4;420.18;419.16;6186474707
07.03.2017;420.52;420.22;420.52;419.64;2965147804
09.03.2017;420.19;420.43;420.52;419.37;12228105145
10.03.2017;421.28;420.32;421.35;420.16;13464663747
13.03.2017;421.99;421.6;422.06;420.98;10791639931
14.03.2017;422.32;422.08;422.37;421.98;9749864575
15.03.2017;423.34;422.39;423.35;422.03;13693198140
16.03.2017;424.53;423.61;424.53;423.61;51053176183
17.03.2017;424.94;424.65;424.94;424.22;25357955183
20.03.2017;425.71;425.27;425.98;425.27;12300723652
21.03.2017;425.83;425.78;425.99;425.5;19280601469
22.03.2017;425.01;425.93;426.03;424.99;14709062575
23.03.2017;425.43;425.09;425.66;425.09;16835740907
24.03.2017;426.09;425.47;426.28;425.45;16408889401
27.03.2017;426.36;426.3;426.37;425.24;16016752898
28.03.2017;426.49;426.41;426.64;426.16;8806466487
29.03.2017;426.46;426.64;427.18;426.37;8393636933
30.03.2017;427.61;426.72;427.61;426.72;15421892987
31.03.2017;427.47;427.67;428.2;427.46;9779431674
03.04.2017;427.5;427.75;428.28;427.48;3888391773
04.04.2017;427.21;427.54;427.61;427.03;7630545541
05.04.2017;428.42;427.44;428.58;427.44;22731485219
06.04.2017;428.89;428.51;428.93;428.1;13824602981
07.04.2017;428.3;429.09;429.14;427.51;13148984966
10.04.2017;427.29;428.65;428.82;427.26;6765540874
11.04.2017;427.28;427.47;427.88;427.21;15342760324
12.04.2017;426.64;427.53;427.53;426.64;7823487466
13.04.2017;427.15;426.83;427.36;426.83;22750381254
14.04.2017;427.96;427.27;428.3;427.27;6688648405
17.04.2017;428.42;428.27;428.42;427.89;5558636834
18.04.2017;428.29;428.59;428.76;428.18;9592298414
19.04.2017;428.44;427.73;428.45;427.24;17228459390
20.04.2017;430.05;429.3;430.06;428.77;18273240514
21.04.2017;432.03;430.09;432.03;430.06;21993055807
24.04.2017;433.9;432.27;434.3;432.27;9533711701
25.04.2017;433.45;434.1;434.38;433.08;8328789483
26.04.2017;433.3;433.56;433.56;432.96;7580894488
27.04.2017;433.17;433.42;433.56;433.08;5860647180
28.04.2017;434.76;433.33;434.79;433.3;13297758086
02.05.2017;435.45;435.11;435.53;434.8;3752063070
03.05.2017;435.71;435.55;435.91;435.23;8186530607
04.05.2017;434.69;435.87;435.87;434.69;7532098601
05.05.2017;433.02;434.55;434.6;432.69;15559649221
10.05.2017;434.67;433.31;434.93;432.62;9390566194
11.05.2017;436.35;434.42;436.56;434.42;11833198305
12.05.2017;436.79;436.55;436.81;436.22;17825311903
15.05.2017;437.35;437.11;437.6;437.02;7546606308
16.05.2017;437.2;437.48;437.91;437.2;12139573573
17.05.2017;436.61;437.3;437.6;436.61;6010860618
18.05.2017;435.53;436.7;436.7;435.23;7587262153
19.05.2017;437.19;435.61;437.22;435.61;6492252939
22.05.2017;438.04;437.56;438.17;437.27;10080945879
23.05.2017;438.04;438.1;438.25;437.71;6010748897
24.05.2017;437.53;438.23;438.67;437.51;13450316899
25.05.2017;437.38;437.69;438.25;437.37;4080511996
26.05.2017;436.44;437.49;437.49;436.3;13633589817
29.05.2017;437.07;436.81;437.12;436.46;1235111373
30.05.2017;436.86;437.18;438.02;436.77;3846266850
31.05.2017;436.67;437.12;437.28;436.24;14077924553
01.06.2017;437.43;436.64;437.65;436.64;15848402873
02.06.2017;438.08;437.8;438.1;437.31;10251106992
05.06.2017;438.45;438.3;438.63;437.82;5670499587
06.06.2017;438.44;438.6;438.81;438.36;6255432149
07.06.2017;438.81;438.35;438.96;438.19;9433693490
08.06.2017;438.4;438.86;438.88;438.35;10739023511
09.06.2017;439.11;438.36;439.12;438.28;5243564834
13.06.2017;439.83;439.48;439.83;439.38;8463104647
14.06.2017;439.49;440;440.07;439.35;19468661293
15.06.2017;438.34;439.6;439.66;438.34;26394021720
16.06.2017;437.11;438.47;438.47;437.11;26984893214
19.06.2017;435.78;437.3;437.53;435.64;26700161982
20.06.2017;435.92;436.04;436.47;435.69;30814176490
21.06.2017;436.42;435.86;436.44;435.72;17083335429
22.06.2017;437.16;436.4;437.19;435.93;24094397156
23.06.2017;438.2;437.28;438.24;436.83;8496947354
26.06.2017;439.27;438.45;439.54;438.4;13120043379
27.06.2017;438.95;439.3;439.49;438.91;17304128833
28.06.2017;438.35;438.94;438.94;438.22;11853222988
29.06.2017;438.76;438.5;439.38;438.47;17695634151
30.06.2017;438.73;438.89;439.05;438.19;5427414704
03.07.2017;439.05;439.13;439.67;439.04;3499241623
04.07.2017;439.28;439.16;439.48;438.97;2043688609
05.07.2017;438.27;439.36;439.36;438.27;19866527899
06.07.2017;437.25;438.28;438.38;437.13;22565880651
07.07.2017;436.55;437.33;437.54;436.28;21395990145
10.07.2017;437.46;436.85;437.56;436.85;7192987957
11.07.2017;437;437.61;437.77;436.94;9185940673
12.07.2017;437.84;437.14;437.84;436.92;17666334860
13.07.2017;438.41;437.82;438.6;437.77;9326061759
14.07.2017;439.31;438.44;439.31;438.35;17119516470
17.07.2017;439.84;439.6;440.09;439.51;6825798007
18.07.2017;439.81;439.91;439.91;439.47;9761733207
19.07.2017;439.71;439.9;440.63;439.71;9576733267
20.07.2017;439.83;439.93;439.94;439.45;16268456924
21.07.2017;440.66;439.97;441.09;439.97;19552138687
24.07.2017;438.97;440.89;440.89;438.97;17319279831
25.07.2017;439.11;439.09;439.16;438.69;13554830701
26.07.2017;439.68;439.34;439.68;438.98;11853390732
27.07.2017;440.71;439.78;440.71;439.6;10658243739
28.07.2017;440.68;440.8;441.27;440.68;10999032743
31.07.2017;440.68;440.93;440.93;440.31;6741080064
01.08.2017;440.8;440.79;441.02;440.63;5935028838
02.08.2017;440.59;440.98;441.4;440.4;18287004124
03.08.2017;441.23;440.65;441.23;440.53;24528266937
04.08.2017;442.41;441.46;442.41;441.46;16585631288
07.08.2017;443.13;442.71;443.41;442.7;7674766017
08.08.2017;442.72;443.11;443.26;442.72;7215177489
09.08.2017;442.79;442.95;442.98;442.65;2333621396
10.08.2017;443.35;442.86;443.4;442.57;9273848859
11.08.2017;443.14;443.41;443.41;442.21;6315161512
14.08.2017;444.11;443.36;444.15;443.13;7803657581
15.08.2017;443.97;444.13;444.76;443.96;15278676183
16.08.2017;444.18;444.34;444.47;443.87;15302861501
17.08.2017;444.51;444.26;444.6;444.09;21507197958
18.08.2017;444.73;444.68;444.89;444.49;4104075597
21.08.2017;445.01;445.07;445.29;444.75;9100403795
22.08.2017;445.05;445.28;445.28;445.02;10967165086
23.08.2017;445.35;445.18;445.37;445.05;6092990334
24.08.2017;445.41;445.43;445.54;445.22;11497421565
25.08.2017;445.41;445.47;445.64;445.39;7623418506
28.08.2017;445.75;445.59;445.99;445.39;2957012489
29.08.2017;445.25;445.68;445.68;445.25;11736951277
30.08.2017;445.72;445.35;445.75;445.17;17825194673
31.08.2017;446.6;445.89;446.6;445.71;20933691911
01.09.2017;448.07;446.67;448.09;446.67;28391317509
04.09.2017;448.53;448.43;448.99;448.29;2587479453
05.09.2017;449.25;448.54;449.25;448.35;33347829051
06.09.2017;451.11;449.44;451.13;449.44;28028433538
07.09.2017;451.64;451.13;451.72;451.06;22608858531
08.09.2017;451.71;451.67;451.9;451.57;14129076447
11.09.2017;451.87;451.9;451.98;451.65;5467392279
12.09.2017;451.61;451.94;452.04;451.6;11778006045
13.09.2017;451.62;451.78;451.98;451.44;19142252923
14.09.2017;451.92;451.79;452.12;451.73;20344740089
15.09.2017;452.18;451.88;452.18;451.56;28519661934
18.09.2017;452.06;452.5;452.85;452.06;16964050175
19.09.2017;451.8;452.11;452.2;451.75;11049384596
20.09.2017;452.38;451.88;452.41;451.81;10174714726
21.09.2017;452.17;452.55;452.94;452.12;10129179814
22.09.2017;452.47;452.47;452.67;452.35;7584194241
25.09.2017;452.53;452.85;453.59;452.53;11975519443
26.09.2017;451.94;452.64;452.81;451.92;19144091574
27.09.2017;450.56;452.05;452.15;450.45;41023082953
28.09.2017;451.78;450.68;451.78;450.63;38186373364
29.09.2017;452.44;451.65;452.63;451.49;21146214242
02.10.2017;452.33;452.68;452.82;452.31;14830052872
03.10.2017;452.3;452.37;452.71;452.25;13312029329
04.10.2017;452.98;452.36;453;452.2;24377955566
05.10.2017;453.99;453.02;454.04;453.02;16992392197
06.10.2017;453.94;454.02;454.3;453.83;15390110168
09.10.2017;453.84;453.95;454.45;453.46;4417193391
10.10.2017;454.5;453.89;454.5;453.42;18692279849
11.10.2017;455.35;454.55;455.47;454.45;30720473159
12.10.2017;456.14;455.41;456.19;455.29;36765755810
13.10.2017;456.99;456.24;456.99;456.21;18866382000
16.10.2017;457.01;457.24;457.58;457.01;26731390814
17.10.2017;456.49;457.19;457.22;456.39;13579693099
18.10.2017;457.05;456.6;457.06;456.6;41863757007
19.10.2017;457.16;457.1;457.16;456.85;11434277918
20.10.2017;457.04;457.42;457.7;456.93;22939729260
23.10.2017;457.31;457.27;457.47;456.92;4873738741
24.10.2017;457.21;457.33;457.48;457.21;15517622764
25.10.2017;457.18;457.32;457.4;457.1;16116489625
26.10.2017;457.08;457.27;457.27;456.83;14800104669
27.10.2017;456.3;457.2;457.34;456.3;30940249471
30.10.2017;457.01;456.53;457.14;456.26;11001342832
31.10.2017;456.85;457.11;457.27;456.84;14172068329
01.11.2017;457.09;457.02;457.3;456.88;17604636440
02.11.2017;457.23;457.21;457.44;457.21;17843536545
03.11.2017;457.08;457.52;457.76;457.08;12172397106
07.11.2017;457.41;457.41;457.66;457.26;15667644037
08.11.2017;456.78;457.53;457.61;456.72;22941407841
09.11.2017;456.87;456.76;456.92;456.47;10278134504
10.11.2017;456.94;456.96;457.19;456.94;29429920961
13.11.2017;456.25;457.18;457.32;456.25;13897590280
14.11.2017;455.98;456.36;456.46;455.63;14041489748
15.11.2017;456.22;456.07;456.22;455.75;10301451710
16.11.2017;456.9;456.3;456.9;456.11;22310853025
17.11.2017;457.56;457;457.6;456.98;9099892416
20.11.2017;457.71;457.84;458.06;457.65;7628572226
21.11.2017;457.69;457.9;458.1;457.6;7051600749
22.11.2017;458.44;457.8;458.45;457.79;16696961500
23.11.2017;458.98;458.52;459.03;458.38;21232813513
24.11.2017;459.12;459.08;459.22;458.94;7411463342
27.11.2017;459.64;459.38;459.73;459.33;6214735971
28.11.2017;460.09;460.24;460.29;459.76;20497119705
29.11.2017;460.5;460.13;460.77;460.13;17286632646
30.11.2017;460.31;460.58;460.58;459.97;17029765995
01.12.2017;460.8;460.41;460.82;460.27;11358521453
04.12.2017;460.74;461.14;461.14;460.59;16907872488
05.12.2017;461.31;460.83;461.31;460.54;12801033939
06.12.2017;461.44;461.23;461.54;460.61;10909109223
07.12.2017;461.81;461.67;461.82;461.48;7895501588
08.12.2017;462.03;461.87;462.12;461.87;5344621741
11.12.2017;462.38;462.6;462.6;462.08;4891006022
12.12.2017;462.64;462.43;462.72;462.24;17975120296
13.12.2017;462.46;462.68;462.73;462.24;8833427364
14.12.2017;462.7;462.58;462.86;462.53;13406858132
15.12.2017;463.72;462.8;463.74;462.61;11085522662
18.12.2017;464.19;463.98;464.46;463.76;16330325737
19.12.2017;464.48;464.23;464.8;464.12;19269023941
20.12.2017;465.15;464.56;465.18;464.55;21412565299
21.12.2017;465.33;465.25;465.62;465.17;15360526181
22.12.2017;465.38;465.63;465.86;465.34;13530355768
25.12.2017;465.93;465.55;466.07;465.51;3861358847
26.12.2017;465.93;466.03;466.17;465.84;13069551358
27.12.2017;466.04;466.04;466.71;465.85;27651695230
28.12.2017;466.24;466.12;466.72;465.84;17234690669
29.12.2017;466.49;466.38;467.14;466.38;4924506265
03.01.2018;467.85;467.14;467.85;467.08;24771675.11
04.01.2018;468.4;468.22;468.4;467.58;33462603.15
05.01.2018;468.64;468.57;468.74;468.55;78681643.68
09.01.2018;469.35;468.93;469.38;467.73;23624189439
10.01.2018;470.29;469.48;470.53;469.48;18664580031
11.01.2018;469.43;470.23;470.23;469.39;8573413153
12.01.2018;470.03;469.48;470.03;469.46;21972340791
15.01.2018;471.1;470.27;471.24;470.27;17020054739
16.01.2018;470.86;471.22;471.22;470.86;11566443312
17.01.2018;470.23;470.91;470.96;470.17;21067376738
18.01.2018;470.66;470.4;470.73;470.28;28030307838
19.01.2018;470.96;470.86;471.05;470.79;10287425573
22.01.2018;471.34;471.46;471.46;470.94;4187701053
23.01.2018;471.25;471.43;471.57;471.19;13864924615
24.01.2018;471.84;471.32;472.17;471.3;25645030476
25.01.2018;472.24;471.91;473.17;471.9;27634632634
26.01.2018;471.68;472.35;472.35;471.66;13275794725
29.01.2018;471.5;472.11;472.17;471.48;9442517822
30.01.2018;473.12;471.5;473.12;471.38;51321319205
31.01.2018;474.72;473.59;474.77;473.28;39838073532
01.02.2018;475.21;474.92;475.48;474.92;38074845632
02.02.2018;475.75;475.17;475.86;475.11;33595311475
05.02.2018;476.19;476.65;476.91;475.54;29861668141
06.02.2018;475.84;476.36;476.36;475.69;33755148887
07.02.2018;477.72;475.96;477.72;475.96;52030053287
08.02.2018;477.33;478.13;478.5;477.14;28181349500
09.02.2018;477.82;477.44;477.82;477.13;21518680924
12.02.2018;478.24;478.08;478.47;478.05;13978979747
13.02.2018;478.26;478.36;478.64;478.26;13752918511
14.02.2018;478.58;478.46;478.89;478.36;26976752711
15.02.2018;479.19;478.64;479.25;478.64;46277098469
16.02.2018;480.57;479.28;480.57;479.28;49779325363
19.02.2018;481.05;480.77;481.23;480.73;15051373428
20.02.2018;480.68;481.28;481.28;480.68;29279797379
21.02.2018;481.33;480.78;481.33;480.64;21329695416
22.02.2018;481.38;481.24;481.55;481;25831007647
26.02.2018;483.28;481.81;483.52;481.79;16605524887
27.02.2018;482.48;483.22;483.45;482.48;35645464395
28.02.2018;482.41;482.59;483;482.19;16123800767
01.03.2018;482.14;482.31;482.72;482.14;27868159675
02.03.2018;481.75;482.17;482.32;481.75;9314526509
05.03.2018;482.05;481.9;482.06;481.63;12408537182
06.03.2018;482.64;482.14;482.64;482.03;9497435521
07.03.2018;483.02;482.81;483.02;482.72;10304009551
09.03.2018;483.69;483.21;483.78;483.08;169316771.4
12.03.2018;483.5;484.15;484.17;483.43;17787409332
13.03.2018;483.56;483.68;483.98;483.56;16306754967
14.03.2018;483.47;483.74;483.83;483.47;30841037611
15.03.2018;482.74;483.79;483.79;482.73;21690196802
16.03.2018;482.69;482.84;482.84;482.37;11995966244
19.03.2018;483;483.08;483.27;482.85;11373794049
20.03.2018;483.83;483.1;483.83;482.99;21642692274
21.03.2018;484.91;483.97;484.92;483.87;34744807323
22.03.2018;485.83;484.98;485.83;484.92;22596428762
23.03.2018;486.22;485.85;486.45;485.85;28993781758
26.03.2018;486.1;486.41;486.62;486.1;8216169308
27.03.2018;485.61;486.19;486.24;485.51;18141954566
28.03.2018;485.44;485.78;485.82;485.28;10910069446
29.03.2018;485.64;485.52;485.64;485.29;19888642230
30.03.2018;486.04;485.79;486.04;485.56;3484818802
02.04.2018;486.42;486.3;486.72;486.3;3304054427
03.04.2018;486.02;486.51;486.6;486.02;12873398470
04.04.2018;486.23;486.16;486.39;486.05;23575894064
05.04.2018;486.46;486.36;486.71;486.3;25454824046
06.04.2018;486.17;486.54;486.58;486.16;17714979107
09.04.2018;482.78;486.65;487.17;482.78;75232161965
10.04.2018;476.09;482.76;482.8;476.09;64111936734
11.04.2018;474.62;476.14;476.14;472.68;36455640627
12.04.2018;479.11;474.89;479.21;474.89;57181358588
13.04.2018;478.04;479.35;480.33;478.04;33426881536
16.04.2018;477.21;477.89;477.89;475.92;38590434225
17.04.2018;479.11;477.29;479.46;477.29;45856357206
18.04.2018;479.59;479.33;479.84;478.58;28533165288
19.04.2018;480.96;479.83;481.42;479.81;33827556004
20.04.2018;481.08;481.18;481.6;480.91;17444674881
23.04.2018;481.18;481.36;481.56;480.92;34999403322
24.04.2018;482.12;481.28;482.19;481.28;34296933760
25.04.2018;481.87;482.42;483.14;481.87;18207418387
26.04.2018;481.26;481.8;481.92;481.25;23319763385
27.04.2018;482.16;481.76;482.16;481.47;18824458257
28.04.2018;482.64;482.35;483.3;482.27;2678701076
30.04.2018;482.82;483.02;483.33;482.43;21160649.86
02.05.2018;482.93;483.04;483.48;482.92;53896535.67
03.05.2018;482.08;483;483;480.49;14438253130
04.05.2018;481.95;482.16;482.2;481.68;18472764041
07.05.2018;482.27;482.46;482.94;482.2;7258569016
08.05.2018;482.05;482.32;482.72;482.05;30228819369
10.05.2018;482.32;482.29;482.79;482.21;14334482020
11.05.2018;482.88;482.56;483.3;482.56;11491894691
14.05.2018;482.71;483.23;483.68;482.71;10531048246
15.05.2018;482.59;483.03;483.03;482.56;33004189774
16.05.2018;482.06;482.83;482.85;482.01;29469079627
17.05.2018;482.41;482.34;482.73;482.25;28605862389
18.05.2018;482.37;482.53;483.01;482.37;19286158943
21.05.2018;482.26;482.76;482.85;482.22;22609847576
22.05.2018;482.8;482.37;483.07;482.37;20348947314
23.05.2018;483.3;483.03;483.68;482.77;32334776535
24.05.2018;484.04;483.33;484.07;483.33;37975399608
25.05.2018;483.85;484.32;484.38;483.85;11201047746
28.05.2018;483.95;484.02;484.39;483.82;4850569886
29.05.2018;483.61;484.01;484.01;483.58;13999736760
30.05.2018;483.79;483.71;483.87;483.71;15756222021
31.05.2018;483.72;483.92;484.17;483.71;17589478193
01.06.2018;484.06;483.93;484.06;483.75;16426590431
04.06.2018;484.67;484.32;484.68;484.04;23215835639
05.06.2018;484.06;484.77;484.93;484.06;21616392647
06.06.2018;483.9;484.11;484.24;483.89;18206185173
07.06.2018;482.96;484.02;484.05;482.93;23478495146
08.06.2018;481.41;483.17;483.21;481.3;30354125927
09.06.2018;481.62;481.64;481.64;481.08;606303050.8
11.06.2018;481.97;481.84;482.05;481.69;10450930.3
13.06.2018;481.03;482.14;482.14;480.98;24934177904
14.06.2018;481.33;481.15;481.72;481.12;12748553145
15.06.2018;479.98;481.45;481.7;479.98;48803469009
18.06.2018;475.68;480.13;480.13;475.68;40158431420
19.06.2018;472.98;475.91;476.26;472.49;64065972779
20.06.2018;476.77;473.3;476.77;473.3;61442416170
21.06.2018;477.21;477.04;477.4;476.59;35882834945
22.06.2018;477.86;477.42;478.43;477.42;24235153165
25.06.2018;478.3;478.36;478.47;477.87;22980471236
26.06.2018;477.55;478.39;478.7;477.55;19603228011
27.06.2018;475.97;477.84;477.9;475.77;24854585181
28.06.2018;476.33;476.34;476.59;475.78;29027750820
29.06.2018;477.91;476.47;477.91;476.47;16119238419
02.07.2018;478.36;478.43;478.7;478.22;9428464116
03.07.2018;478.14;479.27;479.46;477.87;8778590707
04.07.2018;478.18;478.23;478.28;477.82;21654062353
05.07.2018;478.65;478.48;478.65;477.91;12804879753
06.07.2018;478.95;478.88;479.26;478.88;7732721579
09.07.2018;480.1;479.31;480.1;479.3;22896624174
10.07.2018;480.79;480.14;481.15;480.14;10346860864
11.07.2018;481.23;480.96;481.33;480.73;15069631693
12.07.2018;482;481.35;482;481.21;21340406639
13.07.2018;482.33;482.24;482.49;482.08;16591702603
16.07.2018;482.51;482.69;483.02;482.21;2730088115
17.07.2018;480.97;482.67;482.73;480.95;14928538527
18.07.2018;479.92;481.09;481.18;479.92;23626663085
19.07.2018;479.21;480;480;479.21;28068311124
20.07.2018;479.49;479.42;479.76;479.24;28372536436
23.07.2018;479.7;479.84;480.15;479.7;14938023993
24.07.2018;479.7;479.78;480.11;479.7;10019812012
25.07.2018;478.86;479.77;479.78;478.54;25951441062
26.07.2018;479.24;479.57;479.82;479.24;15291928469
27.07.2018;478.8;479.3;479.61;478.8;6697269369
30.07.2018;479.45;479.11;479.67;479;4643615858
31.07.2018;480.09;479.61;480.09;479.34;12849385861
01.08.2018;480.03;480.31;480.5;479.99;11086777039
02.08.2018;478.33;480.14;480.19;478.33;23529438583
03.08.2018;477.36;478.29;478.29;477.25;22701092485
06.08.2018;477.17;477.76;478.1;477.16;12489450661
07.08.2018;476.89;477.21;477.22;476.67;9676438193
08.08.2018;474.12;477.05;477.3;474.12;32362862546
09.08.2018;470.74;474.01;474.01;470.39;32556864932
10.08.2018;469.12;470.69;470.69;469.12;23445936333
13.08.2018;467.47;469.39;469.92;467.47;11908041759
14.08.2018;467.36;467.52;468.84;467.36;16636395924
15.08.2018;466.06;467.46;467.71;466.06;50046858038
16.08.2018;464.78;466.06;466.76;464.28;36221537035
17.08.2018;462.98;464.84;465.02;462.98;15233750365
20.08.2018;462.21;463.32;463.32;462.03;5435111300
21.08.2018;463.32;462.09;463.32;462.09;13555647657
22.08.2018;464.37;463.65;465.05;463.65;11259330402
23.08.2018;462.88;464.73;464.85;462.44;22007076625
24.08.2018;463.38;462.9;463.78;462.81;13942394347
27.08.2018;463.64;463.94;464.54;463.56;8456680014
28.08.2018;463.83;463.73;464.45;463.73;10953217236
29.08.2018;463.42;463.87;464.89;463.42;8795157442
30.08.2018;463.07;463.62;463.8;463.07;26504932255
31.08.2018;463.92;463.55;466.15;462.93;7991042366
03.09.2018;464.58;464.32;465.92;464.21;3611617963
04.09.2018;462.88;464.76;465.06;462.78;31828944349
05.09.2018;460.24;463.05;463.12;460.1;12672480846
06.09.2018;457.39;460.33;460.41;457.39;30736675866
07.09.2018;454.56;457.44;457.46;454.54;23242808554
10.09.2018;452.84;454.95;455.21;452.22;37214720855
11.09.2018;457.03;453.47;457.03;453.47;30421916221
12.09.2018;461.22;457.36;461.23;457.36;31914574491
13.09.2018;463.19;461.46;463.26;461.44;38487797119
14.09.2018;462.11;463.39;463.56;461.41;17890931378
17.09.2018;460.96;462.6;463.26;460.9;18519115102
18.09.2018;462.65;461.28;462.7;461.28;13783004211
19.09.2018;464.79;462.92;464.79;462.83;40675307647
20.09.2018;465.86;464.91;466.77;464.91;26305085826
21.09.2018;466.23;466;466.54;466;21921159578
24.09.2018;467.66;466.57;467.93;466.57;26011741692
25.09.2018;467.56;467.82;467.96;467.23;17476546020
26.09.2018;467.64;467.66;468.05;467.58;14134751636
27.09.2018;468.54;467.81;468.54;467.46;19249121998
28.09.2018;470.13;468.6;470.43;468.6;13358433543
01.10.2018;470.83;470.48;470.89;470.26;14441945926
02.10.2018;471.43;470.96;471.63;470.87;22334699783
03.10.2018;470.42;471.6;471.98;470.42;17203756807
04.10.2018;467.81;470.53;470.93;467.81;27538967670
05.10.2018;466.6;468.04;468.43;466.6;8006080349
08.10.2018;464.55;466.95;467.12;464.52;11509928766
09.10.2018;464.34;464.7;465.76;464.31;12452455568
10.10.2018;465.26;464.61;465.36;464.47;7178163935
11.10.2018;464.39;465.5;465.63;464.39;12721124190
12.10.2018;465.75;464.9;465.77;464.59;18866346343
15.10.2018;467.17;465.99;468.28;465.99;25855682226
16.10.2018;469.69;467.28;469.74;467.28;15981559596
17.10.2018;469.88;469.86;470.59;469.86;19826095152
18.10.2018;469.37;470.03;470.15;469.37;6684262479
19.10.2018;469.36;469.51;470.01;469.24;31934517515
22.10.2018;471.4;469.62;471.41;469.62;25391020929
23.10.2018;471.11;471.51;471.78;471.11;24969276215
24.10.2018;470.46;471.17;471.32;470.32;21170813650
25.10.2018;469.87;470.79;471.11;469.87;13690338993
26.10.2018;469.76;470.01;471.3;469.76;14403294786
29.10.2018;470.85;470.09;470.92;469.68;7259057673
30.10.2018;470.5;471.09;471.35;470.46;11585226656
31.10.2018;470.59;470.63;470.73;470.15;13670880019
01.11.2018;470.53;470.73;471.02;470.53;7946008855
02.11.2018;470.84;470.63;471.28;470.63;11170480749
06.11.2018;470.92;471.26;471.9;470.92;3658281990
07.11.2018;470.46;471.06;471.32;470.4;17471047863
08.11.2018;468.53;470.65;470.69;468.48;25730928748
09.11.2018;466.21;469.74;469.74;466.19;23409780924
12.11.2018;464.95;466.63;466.63;464.91;15483164342
13.11.2018;464.13;465.14;465.99;463.93;18880010826
14.11.2018;467.39;464.33;467.39;463.91;32302234170
15.11.2018;470.74;467.55;470.86;467.55;25904748295
16.11.2018;471.25;470.88;471.51;470.02;7859593145
19.11.2018;471.42;471.57;471.91;471.4;1792368488
20.11.2018;470.67;471.73;471.73;470.67;9602315241
21.11.2018;470.69;470.72;470.87;470.1;11454842324
22.11.2018;471.07;470.9;471.54;470.9;13234981603
23.11.2018;470.04;471.42;471.65;470.04;11622446970
26.11.2018;467.73;470.39;470.39;467.71;14853959896
27.11.2018;469.58;467.89;469.75;467.79;13286617103
28.11.2018;469.74;469.86;470.09;469.47;10293498626
29.11.2018;471.91;469.92;471.91;469.92;31053382073
30.11.2018;472.3;472.15;472.47;471.91;13280828458
03.12.2018;474.12;472.93;474.21;472.8;10074793158
04.12.2018;473.91;474.25;474.61;473.87;16384621496
05.12.2018;472.6;473.97;473.97;472.57;10644581822
06.12.2018;472.19;472.7;472.77;472.15;5930148476
07.12.2018;472.98;472.24;472.98;472.19;4704037746
10.12.2018;473.77;473.27;474.27;473.27;7984605184
11.12.2018;473.34;473.94;474.07;473.24;4131701235
12.12.2018;473.49;473.56;473.82;473.31;5064337977
13.12.2018;473.55;473.66;473.96;473.47;9187741152
14.12.2018;473.19;473.3;473.63;473.19;8277113862
17.12.2018;473.14;473.47;473.8;473.14;5462206202
18.12.2018;472.51;473.2;473.26;472.48;14898411770
19.12.2018;472.05;472.66;474.25;471.85;13566807252
20.12.2018;473.84;472.11;473.91;472.11;11113808234
21.12.2018;473.41;473.95;474.03;473.39;10125823331
24.12.2018;474.37;473.72;474.39;473.54;7624918674
25.12.2018;473.68;474.5;474.51;473.42;12386116438
26.12.2018;474.22;473.81;474.5;473.81;3475681465
27.12.2018;475.42;474.59;475.42;474.59;12059753206
28.12.2018;475.83;476.01;476.54;475.68;11671516535
29.12.2018;476.39;475.94;476.66;475.94;815556993.1
03.01.2019;477.22;476.87;477.7;476.87;9970629026
04.01.2019;477.72;477.29;477.76;477.2;78402477.2
08.01.2019;478.35;478.12;478.39;478.01;217678609.8
09.01.2019;480.81;478.5;480.83;478.23;22175810684
10.01.2019;481.85;480.96;481.85;480.95;21854373365
11.01.2019;483.36;481.96;483.4;481.92;17287260794
14.01.2019;483.2;483.69;483.69;482.87;11484329489
15.01.2019;484.49;483.32;484.5;483.32;18835954643
16.01.2019;485.86;484.65;485.87;484.65;31994515308
17.01.2019;485.28;485.97;486.19;485.28;17337432745
18.01.2019;485.66;485.38;485.66;485.22;16724392515
21.01.2019;486.16;485.88;486.26;485.88;7750689037
22.01.2019;485.63;486.25;486.45;485.59;9880260051
23.01.2019;485.64;485.78;486.35;485.62;20647143386
24.01.2019;486.36;485.75;486.36;485.75;22448797612
25.01.2019;486.34;486.52;486.81;486.34;23941520511
28.01.2019;486.2;486.61;486.61;486.17;15664150845
29.01.2019;485.67;486.28;486.53;485.57;9888054547
30.01.2019;486.47;485.71;486.47;485.71;27475757873
31.01.2019;489.52;486.57;489.53;486.55;49246831947
01.02.2019;489.52;489.37;489.81;489.37;13075936620
04.02.2019;489.57;489.81;490.43;489.47;8742503246
05.02.2019;490.15;489.66;490.17;489.45;8976723811
06.02.2019;490.49;490.23;490.87;490.23;20426548786
07.02.2019;489.59;490.6;490.63;489.59;20946753239
08.02.2019;489.6;489.68;489.71;489.18;13149961123
11.02.2019;489.97;489.93;490.95;489.93;21388180809
12.02.2019;489.37;489.94;489.95;489.16;17606960254
13.02.2019;488.78;489.48;489.6;488.78;15117797644
14.02.2019;485.28;488.53;488.53;484.72;37086208454
15.02.2019;487.42;485.33;487.44;485.12;37351145002
18.02.2019;488.15;487.72;488.48;487.62;15222591493
19.02.2019;487.65;488.6;488.79;487.65;18750159998
20.02.2019;487.46;487.76;487.92;487.37;9947221820
21.02.2019;488.1;487.57;488.25;487.53;13492181295
22.02.2019;488.33;488.21;488.41;488.07;4671325603
25.02.2019;489.58;488.63;489.6;488.58;8742735051
26.02.2019;489.09;489.66;489.72;489.09;7685642474
27.02.2019;488.67;489.17;489.2;488.67;13819862703
28.02.2019;489.04;488.45;489.05;488.28;19465872565
01.03.2019;489.82;489.18;489.82;489.18;9854846016
04.03.2019;490.11;490.14;490.73;490.11;4103641180
05.03.2019;489.82;490.19;490.33;489.8;11239155702
06.03.2019;489.5;489.94;490.18;489.5;7524265040
07.03.2019;489.85;489.55;489.85;489.52;9452102767
11.03.2019;490.48;490.31;490.49;489.98;4912092410
12.03.2019;490.71;490.3;490.71;490.02;8738790809
13.03.2019;491.01;490.82;491.15;490.73;11744824003
14.03.2019;491.14;491.24;491.47;491.11;13747606580
15.03.2019;491.34;491.37;491.58;491.11;14857067643
18.03.2019;493.32;491.64;493.33;491.61;19565625945
19.03.2019;494.44;493.48;494.6;493.48;13861793685
20.03.2019;493.86;494.97;495.09;493.63;12307202541
21.03.2019;496.33;494.08;496.49;494.08;12520587180
22.03.2019;495.46;496.42;496.68;495.45;11880641047
25.03.2019;496.21;495.76;496.21;494.8;15280023054
26.03.2019;496.29;496.46;496.67;496.22;19988543953
27.03.2019;495.41;496.47;496.67;495.35;12037614833
28.03.2019;493.93;495.53;495.53;493.91;17352843753
29.03.2019;493.96;494.08;494.91;493.96;11548980384
01.04.2019;493.18;494.29;494.7;493.16;25148880153
